scorer,qrels_variant,threshold,pruning_percent,pipeline,metric,n_queries,mean_full,mean_pruned,mean_diff_pruned_minus_full,lower_bound_relative,lower_bound_absolute,upper_bound_absolute,ci95_low,ci95_high,p_tost,p_noninferiority,t_noninferiority,p_upper_test,t_upper_test,passes_pruning_tost_p_lt_0.05,margin_respected_by_mean,margin_respected_by_ci
cdd_dev.small,,0.15,15.0,BM25,RR@10,6980,0.18427616318733797,0.16751455405466867,-0.0167616091326693,-0.05,-0.009213808159366899,1000000.0,-0.02236816921650487,-0.011155049048833729,0.995833808936585,0.995833808936585,-2.639048525642115,0.0,-349644695.0855602,False,False,False
cdd_dev.small,,0.15,15.0,BM25,nDCG@10,6980,0.2299347532023317,0.20533929388448496,-0.024595459317846725,-0.05,-0.011496737660116586,1000000.0,-0.030231803330320023,-0.018959115305373427,0.9999973450091327,0.9999973450091327,-4.5556970715974145,0.0,-347797083.0045354,False,False,False
cdd_dev.small,,0.15,15.0,BM25,R@100,6980,0.6777578796561604,0.5707139446036295,-0.10704393505253106,-0.05,-0.033887893982808025,1000000.0,-0.1159534373700411,-0.09813443273502101,1.0,1.0,-16.096081661994486,0.0,-220023980.92649207,False,False,False
cdd_dev.small,,0.15,15.0,SPLADE,RR@10,6980,0.29693398371765134,0.25488004275253556,-0.04205394096511575,-0.05,-0.014846699185882568,1000000.0,-0.047407992592332526,-0.03669988933789897,1.0,1.0,-9.96151465529609,0.0,-366134691.45632,False,False,False
cdd_dev.small,,0.15,15.0,SPLADE,nDCG@10,6980,0.3525535290063942,0.3004916570363618,-0.052061871970032404,-0.05,-0.01762767645031971,1000000.0,-0.05762017867097147,-0.04650356526909334,1.0,1.0,-12.14425424941716,0.0,-352680081.4823013,False,False,False
cdd_dev.small,,0.15,15.0,SPLADE,R@100,6980,0.8166905444126075,0.6897803247373447,-0.12691021967526267,-0.05,-0.04083452722063038,1000000.0,-0.13517707727251665,-0.11864336207800867,1.0,1.0,-20.410962525103223,0.0,-237128096.60196367,False,False,False
cdd_dev.small,,0.15,15.0,TAS-B,RR@10,6980,0.3472977213808159,0.29809830809114474,-0.04919941328967117,-0.05,-0.017364886069040793,1000000.0,-0.055157635948804164,-0.04324119063053818,1.0,1.0,-10.473819675110636,0.0,-329008190.31572914,False,False,False
cdd_dev.small,,0.15,15.0,TAS-B,nDCG@10,6980,0.4106574638556805,0.3497671753542835,-0.06089028850139707,-0.05,-0.02053287319278403,1000000.0,-0.06699199323392208,-0.054788583768872065,1.0,1.0,-12.965688186747407,0.0,-321271540.2382266,False,False,False
cdd_dev.small,,0.15,15.0,TAS-B,R@100,6980,0.8869149952244508,0.7474808978032473,-0.13943409742120344,-0.05,-0.04434574976122255,1000000.0,-0.14798282778071883,-0.13088536706168805,1.0,1.0,-21.804648930443292,0.0,-229309400.2298201,False,False,False
cdd_dev.small,,0.3,30.0,BM25,RR@10,6980,0.18427616318733797,0.14694728703324691,-0.03732887615409105,-0.05,-0.009213808159366899,1000000.0,-0.04401551137624645,-0.030642240931935648,0.9999999999999999,0.9999999999999999,-8.242423467432761,0.0,-293167485.01763785,False,False,False
cdd_dev.small,,0.3,30.0,BM25,nDCG@10,6980,0.2299347532023317,0.1775371589446228,-0.05239759425770888,-0.05,-0.011496737660116586,1000000.0,-0.059284490644786,-0.045510697870631764,1.0,1.0,-11.642125359947253,0.0,-284642595.25195235,False,False,False
cdd_dev.small,,0.3,30.0,BM25,R@100,6980,0.6777578796561604,0.4776862464183381,-0.20007163323782234,-0.05,-0.033887893982808025,1000000.0,-0.2110996315255297,-0.18904363495011497,1.0,1.0,-29.540323940945253,0.0,-177757041.5947587,False,False,False
cdd_dev.small,,0.3,30.0,SPLADE,RR@10,6980,0.29693398371765134,0.21781132032564696,-0.07912266339200436,-0.05,-0.014846699185882568,1000000.0,-0.08616534811508308,-0.07207997866892563,1.0,1.0,-17.890965164636828,0.0,-278346140.75713325,False,False,False
cdd_dev.small,,0.3,30.0,SPLADE,nDCG@10,6980,0.3525535290063942,0.2543846885721841,-0.09816884043421009,-0.05,-0.01762767645031971,1000000.0,-0.10548033536477795,-0.09085734550364223,1.0,1.0,-21.594101349948406,0.0,-268112632.12107894,False,False,False
cdd_dev.small,,0.3,30.0,SPLADE,R@100,6980,0.8166905444126075,0.5690305635148042,-0.24765998089780322,-0.05,-0.04083452722063038,1000000.0,-0.25844472214214553,-0.2368752396534609,1.0,1.0,-37.59392518562813,0.0,-181766479.06605384,False,False,False
cdd_dev.small,,0.3,30.0,TAS-B,RR@10,6980,0.3472977213808159,0.2561958202574248,-0.09110190112339109,-0.05,-0.017364886069040793,1000000.0,-0.0988894354673183,-0.08331436677946387,1.0,1.0,-18.561325843105536,0.0,-251723337.59912,False,False,False
cdd_dev.small,,0.3,30.0,TAS-B,nDCG@10,6980,0.4106574638556805,0.2980109079381938,-0.11264655591748672,-0.05,-0.02053287319278403,1000000.0,-0.12063614358672577,-0.10465696824824768,1.0,1.0,-22.600767939342955,0.0,-245357365.12443915,False,False,False
cdd_dev.small,,0.3,30.0,TAS-B,R@100,6980,0.8869149952244508,0.6148161413562558,-0.2720988538681948,-0.05,-0.04434574976122255,1000000.0,-0.283041020916773,-0.2611566868196166,1.0,1.0,-40.802275223549124,0.0,-179151395.0415236,False,False,False
cdd_dev.small,,0.45,45.0,BM25,RR@10,6980,0.18427616318733797,0.13142777550370674,-0.05284838768363124,-0.05,-0.009213808159366899,1000000.0,-0.06010385460638212,-0.045592920760880354,1.0,1.0,-11.789322432812444,0.0,-270183033.37387073,False,False,False
cdd_dev.small,,0.45,45.0,BM25,nDCG@10,6980,0.2299347532023317,0.15639624377247976,-0.07353850942985193,-0.05,-0.011496737660116586,1000000.0,-0.08110894796154922,-0.06596807089815465,1.0,1.0,-16.065216071779293,0.0,-258941948.22186118,False,False,False
cdd_dev.small,,0.45,45.0,BM25,R@100,6980,0.6777578796561604,0.39376790830945557,-0.2839899713467049,-0.05,-0.033887893982808025,1000000.0,-0.2960931201344622,-0.2718868225589476,1.0,1.0,-40.50814385508005,0.0,-161966488.98700494,False,False,False
cdd_dev.small,,0.45,45.0,SPLADE,RR@10,6980,0.29693398371765134,0.18618996452449174,-0.1107440191931596,-0.05,-0.014846699185882568,1000000.0,-0.11884999507635612,-0.10263804330996308,1.0,1.0,-23.191272549228138,0.0,-241834444.54717857,False,False,False
cdd_dev.small,,0.45,45.0,SPLADE,nDCG@10,6980,0.3525535290063942,0.21505339204028157,-0.13750013696611263,-0.05,-0.01762767645031971,1000000.0,-0.14590077167442236,-0.1290995022578029,1.0,1.0,-27.97246481719916,0.0,-233351918.72307974,False,False,False
cdd_dev.small,,0.45,45.0,SPLADE,R@100,6980,0.8166905444126075,0.4543696275071633,-0.3623209169054441,-0.05,-0.04083452722063038,1000000.0,-0.374454481159941,-0.3501873526509472,1.0,1.0,-51.93948199942071,0.0,-161560496.75727516,False,False,False
cdd_dev.small,,0.45,45.0,TAS-B,RR@10,6980,0.3472977213808159,0.2156323623049984,-0.13166535907581753,-0.05,-0.017364886069040793,1000000.0,-0.140461161011687,-0.12286955713994804,1.0,1.0,-25.47393305185771,0.0,-222868162.62240607,False,False,False
cdd_dev.small,,0.45,45.0,TAS-B,nDCG@10,6980,0.4106574638556805,0.24732440814561896,-0.1633330557100616,-0.05,-0.02053287319278403,1000000.0,-0.17235223301976133,-0.15431387840036187,1.0,1.0,-31.037394365202452,0.0,-217348457.73659748,False,False,False
cdd_dev.small,,0.45,45.0,TAS-B,R@100,6980,0.8869149952244508,0.4888490926456543,-0.39806590257879654,-0.05,-0.04434574976122255,1000000.0,-0.41009983906231273,-0.38603196609528034,1.0,1.0,-57.62029877669348,0.0,-162898045.96767366,False,False,False
cdd_dev.small,,0.6,60.0,BM25,RR@10,6980,0.18427616318733797,0.10866318733797244,-0.07561297584936554,-0.05,-0.009213808159366899,1000000.0,-0.08347268548988794,-0.06775326620884313,1.0,1.0,-16.560732799645393,0.0,-249411771.68318847,False,False,False
cdd_dev.small,,0.6,60.0,BM25,nDCG@10,6980,0.2299347532023317,0.1276248507172909,-0.1023099024850408,-0.05,-0.011496737660116586,1000000.0,-0.11054534658785851,-0.09407445838222307,1.0,1.0,-21.616491379747057,0.0,-238032598.3903537,False,False,False
cdd_dev.small,,0.6,60.0,BM25,R@100,6980,0.6777578796561604,0.30198185291308494,-0.3757760267430755,-0.05,-0.033887893982808025,1000000.0,-0.38862503460372205,-0.3629270188824289,1.0,1.0,-52.16003189955011,0.0,-152564673.9444284,False,False,False
cdd_dev.small,,0.6,60.0,SPLADE,RR@10,6980,0.29693398371765134,0.14987401646427434,-0.14705996725337697,-0.05,-0.014846699185882568,1000000.0,-0.15598382736608643,-0.1381361071406675,1.0,1.0,-29.043282776405057,0.0,-219669988.28500918,False,False,False
cdd_dev.small,,0.6,60.0,SPLADE,nDCG@10,6980,0.3525535290063942,0.17039132735240303,-0.18216220165399113,-0.05,-0.01762767645031971,1000000.0,-0.19137854536875334,-0.17294585793922893,1.0,1.0,-34.99627303284984,0.0,-212698698.73527968,False,False,False
cdd_dev.small,,0.6,60.0,SPLADE,R@100,6980,0.8166905444126075,0.3408548233046801,-0.47583572110792743,-0.05,-0.04083452722063038,1000000.0,-0.488398676695125,-0.4632727655207299,1.0,1.0,-67.87690653297761,0.0,-156038511.58353463,False,False,False
cdd_dev.small,,0.6,60.0,TAS-B,RR@10,6980,0.3472977213808159,0.1724292195388184,-0.17486850184199756,-0.05,-0.017364886069040793,1000000.0,-0.18446889428992294,-0.1652681093940722,1.0,1.0,-32.16066042037897,0.0,-204190017.39379394,False,False,False
cdd_dev.small,,0.6,60.0,TAS-B,nDCG@10,6980,0.4106574638556805,0.19463594577003615,-0.2160215180856444,-0.05,-0.02053287319278403,1000000.0,-0.22580131615410276,-0.20624172001718605,1.0,1.0,-39.1845681956988,0.0,-200444259.47033516,False,False,False
cdd_dev.small,,0.6,60.0,TAS-B,R@100,6980,0.8869149952244508,0.3649474689589303,-0.5219675262655205,-0.05,-0.04434574976122255,1000000.0,-0.5343465550652817,-0.5095884974657592,1.0,1.0,-75.63467814133249,0.0,-158356928.72663173,False,False,False
cdd,test-2019_test-2020,0.15,15.0,BM25,RR@10,97,0.7986786123384061,0.8059401080019636,0.007261495663557521,-0.05,-0.039933930616920306,1000000.0,-0.04858315870239374,0.06310615002950878,0.04834405793388181,0.04834405793388181,1.6775496563890568,0.0,-35544750.33741666,True,True,False
cdd,test-2019_test-2020,0.15,15.0,BM25,nDCG@10,97,0.4873823836823968,0.481941556859169,-0.005440826823227684,-0.05,-0.02436911918411984,1000000.0,-0.029339822853140886,0.01845816920668552,0.05960511300252047,0.05960511300252047,1.5721314541169789,0.0,-83057226.33061518,False,True,False
cdd,test-2019_test-2020,0.15,15.0,BM25,R@100,97,0.4769567428702133,0.4434186398449886,-0.03353810302522481,-0.05,-0.023847837143510665,1000000.0,-0.051328865808269786,-0.015747340242179827,0.8588373126000357,0.8588373126000357,-1.0811804971115848,0.0,-111573876.97819029,False,False,False
cdd,test-2019_test-2020,0.15,15.0,SPLADE,RR@10,97,0.8618106692848961,0.8489690721649484,-0.012841597119947635,-0.05,-0.04309053346424481,1000000.0,-0.04667841058138372,0.02099521634148845,0.039574672291093356,0.039574672291093356,1.774507051391298,0.0,-58663453.616389714,True,True,False
cdd,test-2019_test-2020,0.15,15.0,SPLADE,nDCG@10,97,0.5903063303445052,0.5672290679689383,-0.023077262375566905,-0.05,-0.029515316517225262,1000000.0,-0.04383573385778824,-0.0023187908933455723,0.2697993845353631,0.2697993845353631,0.6156251185894939,0.0,-95622857.34954372,False,True,False
cdd,test-2019_test-2020,0.15,15.0,SPLADE,R@100,97,0.4689618970534333,0.4267053027344551,-0.042256594318978075,-0.05,-0.023448094852671665,1000000.0,-0.05672330579906906,-0.027789882838887087,0.9943132313285653,0.9943132313285653,-2.5807230907616714,0.0,-137210477.87131304,False,False,False
cdd,test-2019_test-2020,0.15,15.0,TAS-B,RR@10,97,0.9354933726067747,0.9527491408934707,0.017255768286696123,-0.05,-0.04677466863033874,1000000.0,-0.0010756542618679428,0.035587190835260185,2.3751840466227503e-10,2.3751840466227503e-10,6.933417873276105,0.0,-108283155.44087854,True,True,True
cdd,test-2019_test-2020,0.15,15.0,TAS-B,nDCG@10,97,0.697936757957595,0.6775061184509097,-0.02043063950668545,-0.05,-0.03489683789787975,1000000.0,-0.039054672681159905,-0.001806606332210997,0.06320190620511831,0.06320190620511831,1.541834498736402,0.0,-106581873.72679716,False,True,False
cdd,test-2019_test-2020,0.15,15.0,TAS-B,R@100,97,0.553444309695361,0.5030568247431806,-0.05038748495218035,-0.05,-0.02767221548476805,1000000.0,-0.06445933604938306,-0.036315633854977644,0.9990807017581945,0.9990807017581945,-3.2042304323399304,0.0,-141060646.38105592,False,False,False
cdd,test-2019_test-2020,0.3,30.0,BM25,RR@10,97,0.7986786123384061,0.791449844542628,-0.007228767795778102,-0.05,-0.039933930616920306,1000000.0,-0.0680055744139135,0.0535480388223573,0.14406394102581677,0.14406394102581677,1.0681580477553971,0.0,-32660227.417866714,False,True,False
cdd,test-2019_test-2020,0.3,30.0,BM25,nDCG@10,97,0.4873823836823968,0.4623582513203258,-0.02502413236207088,-0.05,-0.02436911918411984,1000000.0,-0.054208911136876904,0.004160646412735142,0.5177208555647824,0.5177208555647824,-0.04455030795714944,0.0,-68014370.6594439,False,False,False
cdd,test-2019_test-2020,0.3,30.0,BM25,R@100,97,0.4769567428702133,0.390997931725506,-0.0859588111447074,-0.05,-0.023847837143510665,1000000.0,-0.11328152706354386,-0.05863609522587093,0.9999909112210789,0.9999909112210789,-4.512337255656566,0.0,-72649603.65047197,False,False,False
cdd,test-2019_test-2020,0.3,30.0,SPLADE,RR@10,97,0.8618106692848961,0.8465635738831614,-0.01524709540173458,-0.05,-0.04309053346424481,1000000.0,-0.050695687108081644,0.020201496304612487,0.06112873680201312,0.06112873680201312,1.5591250617516785,0.0,-55996141.06646871,False,True,False
cdd,test-2019_test-2020,0.3,30.0,SPLADE,nDCG@10,97,0.5903063303445052,0.5414770081965913,-0.04882932214791388,-0.05,-0.029515316517225262,1000000.0,-0.0747328600621128,-0.022925784233714948,0.9289301321725125,0.9289301321725125,-1.4800294190209367,0.0,-76629857.08868727,False,False,False
cdd,test-2019_test-2020,0.3,30.0,SPLADE,R@100,97,0.4689618970534333,0.3665190652921869,-0.1024428317612463,-0.05,-0.023448094852671665,1000000.0,-0.12808813022810633,-0.07679753329438627,0.999999989575957,0.999999989575957,-6.114310334881421,0.0,-77401497.87858836,False,False,False
cdd,test-2019_test-2020,0.3,30.0,TAS-B,RR@10,97,0.9354933726067747,0.9411062019309442,0.005612829324169529,-0.05,-0.04677466863033874,1000000.0,-0.028200312094712025,0.039425970743051084,0.0013691741747510287,0.0013691741747510287,3.075383037377125,0.0,-58704521.88394443,True,True,True
cdd,test-2019_test-2020,0.3,30.0,TAS-B,nDCG@10,97,0.697936757957595,0.6400590305696123,-0.05787772738798287,-0.05,-0.03489683789787975,1000000.0,-0.08375850025420081,-0.03199695452176493,0.9594222676881403,0.9594222676881403,-1.7625712083129508,0.0,-76697262.35294892,False,False,False
cdd,test-2019_test-2020,0.3,30.0,TAS-B,R@100,97,0.553444309695361,0.4295895554273877,-0.12385475426797331,-0.05,-0.02767221548476805,1000000.0,-0.1479074932195646,-0.09980201531638201,0.9999999999980751,0.9999999999980751,-7.937592093446602,0.0,-82526341.85968408,False,False,False
cdd,test-2019_test-2020,0.45,45.0,BM25,RR@10,97,0.7986786123384061,0.7781214203894616,-0.020557191948944526,-0.05,-0.039933930616920306,1000000.0,-0.09108478123876118,0.049970397340872136,0.29338737723462616,0.29338737723462616,0.5453542741481724,0.0,-28144792.305035304,False,True,False
cdd,test-2019_test-2020,0.45,45.0,BM25,nDCG@10,97,0.4873823836823968,0.43313586840407725,-0.0542465152783195,-0.05,-0.02436911918411984,1000000.0,-0.09094528673992874,-0.01754774381671026,0.9453147692239704,0.9453147692239704,-1.6160258274156367,0.0,-54088579.53967209,False,False,False
cdd,test-2019_test-2020,0.45,45.0,BM25,R@100,97,0.4769567428702133,0.32129548768103894,-0.15566125518917445,-0.05,-0.023847837143510665,1000000.0,-0.19297239791101914,-0.11835011246732977,0.9999999998365199,0.9999999998365199,-7.012585189912568,0.0,-53200853.03509109,False,False,False
cdd,test-2019_test-2020,0.45,45.0,SPLADE,RR@10,97,0.8618106692848961,0.816179839633448,-0.0456308296514482,-0.05,-0.04309053346424481,1000000.0,-0.09878576986457435,0.007524110561677955,0.5376893955901896,0.5376893955901896,-0.09486320665629497,0.0,-37343366.28258166,False,False,False
cdd,test-2019_test-2020,0.45,45.0,SPLADE,nDCG@10,97,0.5903063303445052,0.4893180102984053,-0.1009883200460999,-0.05,-0.029515316517225262,1000000.0,-0.13427109665025483,-0.06770554344194496,0.9999763782536873,0.9999763782536873,-4.262648888647897,0.0,-59639991.44661053,False,False,False
cdd,test-2019_test-2020,0.45,45.0,SPLADE,R@100,97,0.4689618970534333,0.30186037303080665,-0.16710152402262657,-0.05,-0.023448094852671665,1000000.0,-0.2048722410343267,-0.12933080701092645,0.9999999999873985,0.9999999999873985,-7.549494046185644,0.0,-52553533.53790026,False,False,False
cdd,test-2019_test-2020,0.45,45.0,TAS-B,RR@10,97,0.9354933726067747,0.9061119293078056,-0.02938144329896908,-0.05,-0.04677466863033874,1000000.0,-0.0784982704698777,0.019735383871939544,0.24190286507043218,0.24190286507043218,0.7029216135960351,0.0,-40413530.03005877,False,True,False
cdd,test-2019_test-2020,0.45,45.0,TAS-B,nDCG@10,97,0.697936757957595,0.5811845546906024,-0.11675220326699279,-0.05,-0.03489683789787975,1000000.0,-0.15191218713149077,-0.08159221940249481,0.9999940650707357,0.9999940650707357,-4.621208493681677,0.0,-56455786.52516404,False,False,False
cdd,test-2019_test-2020,0.45,45.0,TAS-B,R@100,97,0.553444309695361,0.3542089356308192,-0.19923537406454178,-0.05,-0.02767221548476805,1000000.0,-0.2349021215656681,-0.16356862656341548,0.9999999999999993,0.9999999999999993,-9.548114198156272,0.0,-55653650.69936433,False,False,False
cdd,test-2019_test-2020,0.6,60.0,BM25,RR@10,97,0.7986786123384061,0.7019759450171822,-0.09670266732122401,-0.05,-0.039933930616920306,1000000.0,-0.17990363049431932,-0.013501704148128707,0.9106014904440001,0.9106014904440001,-1.3543719621255164,0.0,-23857710.62955891,False,False,False
cdd,test-2019_test-2020,0.6,60.0,BM25,nDCG@10,97,0.4873823836823968,0.38005733733498365,-0.10732504634741305,-0.05,-0.02436911918411984,1000000.0,-0.15012076597018562,-0.06452932672464048,0.9998926588689719,0.9998926588689719,-3.847726254380457,0.0,-46382781.78440295,False,False,False
cdd,test-2019_test-2020,0.6,60.0,BM25,R@100,97,0.4769567428702133,0.24450894121445027,-0.2324478016557631,-0.05,-0.023847837143510665,1000000.0,-0.27958106289803386,-0.18531454041349232,0.9999999999999698,0.9999999999999698,-8.78504151907481,0.0,-42114309.95052924,False,False,False
cdd,test-2019_test-2020,0.6,60.0,SPLADE,RR@10,97,0.8618106692848961,0.7661184748813614,-0.09569219440353462,-0.05,-0.04309053346424481,1000000.0,-0.16359039771759779,-0.027793991089471448,0.9363057430463378,0.9363057430463378,-1.5377943248660004,0.0,-29234713.21173222,False,False,False
cdd,test-2019_test-2020,0.6,60.0,SPLADE,nDCG@10,97,0.5903063303445052,0.4257582440071839,-0.16454808633732135,-0.05,-0.029515316517225262,1000000.0,-0.20859420394848557,-0.12050196872615712,0.9999999881250552,0.9999999881250552,-6.0853928603126475,0.0,-45066052.26094344,False,False,False
cdd,test-2019_test-2020,0.6,60.0,SPLADE,R@100,97,0.4689618970534333,0.22565183557030508,-0.24331006148312811,-0.05,-0.023448094852671665,1000000.0,-0.2909663916976928,-0.19565373126856347,0.9999999999999952,0.9999999999999952,-9.157703761470778,0.0,-41652069.84173164,False,False,False
cdd,test-2019_test-2020,0.6,60.0,TAS-B,RR@10,97,0.9354933726067747,0.8509572901325478,-0.08453608247422681,-0.05,-0.04677466863033874,1000000.0,-0.14477829644912177,-0.024293868499331843,0.8917798375892368,0.8917798375892368,-1.2442406929563496,0.0,-32950058.577877432,False,False,False
cdd,test-2019_test-2020,0.6,60.0,TAS-B,nDCG@10,97,0.697936757957595,0.49889064153893153,-0.1990461164186636,-0.05,-0.03489683789787975,1000000.0,-0.24500928486943166,-0.15308294796789554,0.999999999886149,0.999999999886149,-7.08901830738448,0.0,-43186420.20426829,False,False,False
cdd,test-2019_test-2020,0.6,60.0,TAS-B,R@100,97,0.553444309695361,0.2650851570829605,-0.28835915261240047,-0.05,-0.02767221548476805,1000000.0,-0.33355651271720443,-0.2431617925075965,1.0,1.0,-11.448887262874084,0.0,-43918159.80660409,False,False,False
finetuned_qualt5_dev.small,,0.15,15.0,BM25,RR@10,6980,0.18427616318733797,0.19812929230909174,0.013853129121753764,-0.05,-0.009213808159366899,1000000.0,0.00934990323714201,0.018356355006365517,7.248369020703772e-24,7.248369020703772e-24,10.041292534030072,0.0,-435311037.28907835,True,True,True
finetuned_qualt5_dev.small,,0.15,15.0,BM25,nDCG@10,6980,0.2299347532023317,0.24255319938010064,0.012618446177768949,-0.05,-0.011496737660116586,1000000.0,0.008401083654035748,0.01683580870150215,3.243196377718362e-29,3.243196377718362e-29,11.209159768101507,0.0,-464817506.7630821,True,True,True
finetuned_qualt5_dev.small,,0.15,15.0,BM25,R@100,6980,0.6777578796561604,0.6651146131805158,-0.0126432664756447,-0.05,-0.033887893982808025,1000000.0,-0.01879336209567216,-0.006493170855617238,6.886993799137879e-12,6.886993799137879e-12,6.771590226296787,0.0,-318743659.291204,True,True,True
finetuned_qualt5_dev.small,,0.15,15.0,SPLADE,RR@10,6980,0.29693398371765134,0.2916111224814663,-0.005322861236185018,-0.05,-0.014846699185882568,1000000.0,-0.007647111853530158,-0.0029986106188398774,5.562140185869566e-16,5.562140185869566e-16,8.032531900859043,0.0,-843413336.7284129,True,True,True
finetuned_qualt5_dev.small,,0.15,15.0,SPLADE,nDCG@10,6980,0.3525535290063942,0.34603923970406825,-0.006514289302325925,-0.05,-0.01762767645031971,1000000.0,-0.008886581281344487,-0.004141997323307364,2.7060368344422902e-20,2.7060368344422902e-20,9.183362337842363,0.0,-826333346.9241412,True,True,True
finetuned_qualt5_dev.small,,0.15,15.0,SPLADE,R@100,6980,0.8166905444126075,0.7932784145176697,-0.02341212989493792,-0.05,-0.04083452722063038,1000000.0,-0.027636421057907624,-0.019187838731968214,3.637051275127099e-16,3.637051275127099e-16,8.084952745947378,0.0,-464055134.5543374,True,True,True
finetuned_qualt5_dev.small,,0.15,15.0,TAS-B,RR@10,6980,0.3472977213808159,0.34008345840724064,-0.007214262973575294,-0.05,-0.017364886069040793,1000000.0,-0.010045107162519681,-0.004383418784630907,1.137779813889855e-12,1.137779813889855e-12,7.029106974264288,0.0,-692480349.1240029,True,True,True
finetuned_qualt5_dev.small,,0.15,15.0,TAS-B,nDCG@10,6980,0.4106574638556805,0.40160318209275014,-0.009054281762930336,-0.05,-0.02053287319278403,1000000.0,-0.011861269857563658,-0.006247293668297014,6.343079190359066e-16,6.343079190359066e-16,8.01625352696102,0.0,-698365618.1623161,True,True,True
finetuned_qualt5_dev.small,,0.15,15.0,TAS-B,R@100,6980,0.8869149952244508,0.860339063992359,-0.02657593123209169,-0.05,-0.04434574976122255,1000000.0,-0.030871723293376264,-0.022280139170807116,2.992316541062506e-16,2.992316541062506e-16,8.108922662228785,0.0,-456331214.8876274,True,True,True
finetuned_qualt5_dev.small,,0.3,30.0,BM25,RR@10,6980,0.18427616318733797,0.2007211647791877,0.01644500159184973,-0.05,-0.009213808159366899,1000000.0,0.011172049526916042,0.021717953656783417,9.731651225767965e-22,9.731651225767965e-22,9.539071415196409,0.0,-371765929.55072916,True,True,True
finetuned_qualt5_dev.small,,0.3,30.0,BM25,nDCG@10,6980,0.2299347532023317,0.2434862851842856,0.013551531981953902,-0.05,-0.011496737660116586,1000000.0,0.008446972150452748,0.018656091813455056,4.521625058075775e-22,4.521625058075775e-22,9.61928623516813,0.0,-384029964.6349917,True,True,True
finetuned_qualt5_dev.small,,0.3,30.0,BM25,R@100,6980,0.6777578796561604,0.6394102196752628,-0.03834765998089781,-0.05,-0.033887893982808025,1000000.0,-0.046223876603196226,-0.030471443358599384,0.866478533447301,0.866478533447301,-1.1099868576055394,0.0,-248889044.9961662,False,False,False
finetuned_qualt5_dev.small,,0.3,30.0,SPLADE,RR@10,6980,0.29693398371765134,0.28651106335561927,-0.01042292036203211,-0.05,-0.014846699185882568,1000000.0,-0.013738665139991075,-0.007107175584073144,0.00446592778008392,0.00446592778008392,2.615385597814394,0.0,-591210756.5083729,True,True,True
finetuned_qualt5_dev.small,,0.3,30.0,SPLADE,nDCG@10,6980,0.3525535290063942,0.337671487879409,-0.014882041126985194,-0.05,-0.01762767645031971,1000000.0,-0.018358734967420888,-0.011405347286549497,0.06082143400298136,0.06082143400298136,1.5481028928477316,0.0,-563841418.6799301,False,True,False
finetuned_qualt5_dev.small,,0.3,30.0,SPLADE,R@100,6980,0.8166905444126075,0.7534264565425023,-0.06326408787010505,-0.05,-0.04083452722063038,1000000.0,-0.06965726673730423,-0.05687090900290589,0.9999999999966892,0.9999999999966892,-6.877448204359084,0.0,-306624313.6427928,False,False,False
finetuned_qualt5_dev.small,,0.3,30.0,TAS-B,RR@10,6980,0.3472977213808159,0.3326043230090508,-0.014693398371765132,-0.05,-0.017364886069040793,1000000.0,-0.01849944379311114,-0.010887352950419123,0.08444064449195997,0.08444064449195997,1.3759499236934907,0.0,-515050076.8968699,False,True,False
finetuned_qualt5_dev.small,,0.3,30.0,TAS-B,nDCG@10,6980,0.4106574638556805,0.3905147210561467,-0.020142742799533826,-0.05,-0.02053287319278403,1000000.0,-0.024085288573261417,-0.016200197025806235,0.42309868074638407,0.42309868074638407,0.1939797780340181,0.0,-497217815.62632036,False,True,False
finetuned_qualt5_dev.small,,0.3,30.0,TAS-B,R@100,6980,0.8869149952244508,0.8148638968481375,-0.07205109837631327,-0.05,-0.04434574976122255,1000000.0,-0.07873487632137251,-0.06536732043125403,0.9999999999999998,0.9999999999999998,-8.125779311950996,0.0,-293292822.63556576,False,False,False
finetuned_qualt5_dev.small,,0.45,45.0,BM25,RR@10,6980,0.18427616318733797,0.19604317323873197,0.011767010051394008,-0.05,-0.009213808159366899,1000000.0,0.005674396065374879,0.01785962403741314,7.9534901364686e-12,7.9534901364686e-12,6.750596883015682,0.0,-321750883.8677707,True,True,True
finetuned_qualt5_dev.small,,0.45,45.0,BM25,nDCG@10,6980,0.2299347532023317,0.23492755732618875,0.00499280412385703,-0.05,-0.011496737660116586,1000000.0,-0.0011016412337602772,0.011087249481474337,5.840854811381016e-08,5.840854811381016e-08,5.303930403860801,0.0,-321654200.39350444,True,True,True
finetuned_qualt5_dev.small,,0.45,45.0,BM25,R@100,6980,0.6777578796561604,0.5918935052531041,-0.08586437440305636,-0.05,-0.033887893982808025,1000000.0,-0.0957093161561869,-0.07601943264992582,1.0,1.0,-10.349446736469826,0.0,-199117899.8931754,False,False,False
finetuned_qualt5_dev.small,,0.45,45.0,SPLADE,RR@10,6980,0.29693398371765134,0.27322247237003683,-0.023711511347614497,-0.05,-0.014846699185882568,1000000.0,-0.028291503844993956,-0.01913151885023504,0.9999253344679749,0.9999253344679749,-3.7942696147860597,0.0,-428014675.9491671,False,False,False
finetuned_qualt5_dev.small,,0.45,45.0,SPLADE,nDCG@10,6980,0.3525535290063942,0.31936756080218875,-0.03318596820420553,-0.05,-0.01762767645031971,1000000.0,-0.03800956546431036,-0.028362370944100698,0.9999999998637064,0.9999999998637064,-6.322870518066149,0.0,-406398776.15854174,False,False,False
finetuned_qualt5_dev.small,,0.45,45.0,SPLADE,R@100,6980,0.8166905444126075,0.6890401146131805,-0.12765042979942692,-0.05,-0.04083452722063038,1000000.0,-0.13634329360653155,-0.11895756599232228,1.0,1.0,-19.577616908604245,0.0,-225507295.62393552,False,False,False
finetuned_qualt5_dev.small,,0.45,45.0,TAS-B,RR@10,6980,0.3472977213808159,0.3154203620321099,-0.03187735934870605,-0.05,-0.017364886069040793,1000000.0,-0.03701089602981005,-0.02674382266760205,0.9999999844816359,0.9999999844816359,-5.5417659558476995,0.0,-381862279.8272184,False,False,False
finetuned_qualt5_dev.small,,0.45,45.0,TAS-B,nDCG@10,6980,0.4106574638556805,0.3671228631329111,-0.04353460072276947,-0.05,-0.02053287319278403,1000000.0,-0.04889146203925521,-0.03817773940628373,1.0,1.0,-8.41731283618975,0.0,-365942653.2925037,False,False,False
finetuned_qualt5_dev.small,,0.45,45.0,TAS-B,R@100,6980,0.8869149952244508,0.7405682903533906,-0.14634670487106016,-0.05,-0.04434574976122255,1000000.0,-0.15535775981971506,-0.13733564992240527,1.0,1.0,-22.189729967752715,0.0,-217544367.02334818,False,False,False
finetuned_qualt5_dev.small,,0.6,60.0,BM25,RR@10,6980,0.18427616318733797,0.18842571746941372,0.004149554282075774,-0.05,-0.009213808159366899,1000000.0,-0.002660142854020343,0.010959251418171891,6.034274458645877e-05,6.034274458645877e-05,3.846904166864812,0.0,-287869476.5451989,True,True,True
finetuned_qualt5_dev.small,,0.6,60.0,BM25,nDCG@10,6980,0.2299347532023317,0.22214549960873783,-0.007789253593593866,-0.05,-0.011496737660116586,1000000.0,-0.014738585662738307,-0.0008399215244494244,0.14783868018322402,0.14783868018322402,1.0458265079304145,0.0,-282085235.51593083,False,True,False
finetuned_qualt5_dev.small,,0.6,60.0,BM25,R@100,6980,0.6777578796561604,0.5248567335243552,-0.15290114613180517,-0.05,-0.033887893982808025,1000000.0,-0.1646286439271029,-0.14117364833650742,1.0,1.0,-19.89359992475032,0.0,-167154519.41098964,False,False,False
finetuned_qualt5_dev.small,,0.6,60.0,SPLADE,RR@10,6980,0.29693398371765134,0.2511738186200937,-0.04576016509755765,-0.05,-0.014846699185882568,1000000.0,-0.0516101848013215,-0.0399101453937938,1.0,1.0,-10.358903500324766,0.0,-335093580.3816698,False,False,False
finetuned_qualt5_dev.small,,0.6,60.0,SPLADE,nDCG@10,6980,0.3525535290063942,0.2909566052883615,-0.061596923718032735,-0.05,-0.01762767645031971,1000000.0,-0.0677447558314958,-0.05544909160456967,1.0,1.0,-14.020078600764755,0.0,-318861029.8237587,False,False,False
finetuned_qualt5_dev.small,,0.6,60.0,SPLADE,R@100,6980,0.8166905444126075,0.5978032473734478,-0.21888729703915952,-0.05,-0.04083452722063038,1000000.0,-0.22968180051769074,-0.2080927935606283,1.0,1.0,-32.33474796929014,0.0,-181602089.5373389,False,False,False
finetuned_qualt5_dev.small,,0.6,60.0,TAS-B,RR@10,6980,0.3472977213808159,0.2909970095965798,-0.05630071178423614,-0.05,-0.017364886069040793,1000000.0,-0.06271948868627918,-0.04988193488219309,1.0,1.0,-11.891058752705336,0.0,-305401496.0196343,False,False,False
finetuned_qualt5_dev.small,,0.6,60.0,TAS-B,nDCG@10,6980,0.4106574638556805,0.3347545705350032,-0.07590289332067736,-0.05,-0.02053287319278403,1000000.0,-0.08257606174426202,-0.0692297248970927,1.0,1.0,-16.2654473450779,0.0,-293759123.476975,False,False,False
finetuned_qualt5_dev.small,,0.6,60.0,TAS-B,R@100,6980,0.8869149952244508,0.6365329512893982,-0.25038204393505253,-0.05,-0.04434574976122255,1000000.0,-0.2612787003940374,-0.23948538747606765,1.0,1.0,-37.065843500565585,0.0,-179899628.5087291,False,False,False
finetuned_qualt5,test-2019_test-2020,0.15,15.0,BM25,RR@10,97,0.7986786123384061,0.8098469972181311,0.011168384879725084,-0.05,-0.039933930616920306,1000000.0,-0.04359263842451781,0.06592940818396797,0.03352320096566194,0.03352320096566194,1.852363020686835,0.0,-36248122.653474085,True,True,False
finetuned_qualt5,test-2019_test-2020,0.15,15.0,BM25,nDCG@10,97,0.4873823836823968,0.5054054718443594,0.018023088161962623,-0.05,-0.02436911918411984,1000000.0,-0.006997254435487783,0.043043430759413026,0.0005540250772222986,0.0005540250772222986,3.363178029453458,0.0,-79334815.98120654,True,True,True
finetuned_qualt5,test-2019_test-2020,0.15,15.0,BM25,R@100,97,0.4769567428702133,0.46551137336618253,-0.011445369504030833,-0.05,-0.023847837143510665,1000000.0,-0.026835013777311276,0.0039442747692496095,0.05647639844373314,0.05647639844373314,1.5996928357455085,0.0,-128981820.4372816,False,True,False
finetuned_qualt5,test-2019_test-2020,0.15,15.0,SPLADE,RR@10,97,0.8618106692848961,0.8653330060546556,0.003522336769759449,-0.05,-0.04309053346424481,1000000.0,-0.01193848643493423,0.01898315997445313,1.867178221872023e-08,1.867178221872023e-08,5.984533611498781,0.0,-128388008.72754452,True,True,True
finetuned_qualt5,test-2019_test-2020,0.15,15.0,SPLADE,nDCG@10,97,0.5903063303445052,0.5853861580462856,-0.004920172298219585,-0.05,-0.029515316517225262,1000000.0,-0.01568785461943887,0.005847510022999698,8.352736810633835e-06,8.352736810633835e-06,4.534028211285567,0.0,-184346478.85049343,True,True,True
finetuned_qualt5,test-2019_test-2020,0.15,15.0,SPLADE,R@100,97,0.4689618970534333,0.4520200962103824,-0.016941800843050796,-0.05,-0.023448094852671665,1000000.0,-0.027124451717330987,-0.006759149968770603,0.10387486022636222,0.10387486022636222,1.2683231208414203,0.0,-194937877.14690208,False,True,False
finetuned_qualt5,test-2019_test-2020,0.15,15.0,TAS-B,RR@10,97,0.9354933726067747,0.9396170839469808,0.004123711340206186,-0.05,-0.04677466863033874,1000000.0,-0.006331679236566049,0.01457910191697842,3.9356384821734694e-16,3.9356384821734694e-16,9.663195744052903,0.0,-189852716.5264749,True,True,True
finetuned_qualt5,test-2019_test-2020,0.15,15.0,TAS-B,nDCG@10,97,0.697936757957595,0.6937247182640284,-0.004212039693566743,-0.05,-0.03489683789787975,1000000.0,-0.015583185832793185,0.0071591064456596985,2.902629725092315e-07,2.902629725092315e-07,5.356438330164666,0.0,-174563258.2316707,True,True,True
finetuned_qualt5,test-2019_test-2020,0.15,15.0,TAS-B,R@100,97,0.553444309695361,0.5310193453917941,-0.022424964303566906,-0.05,-0.02767221548476805,1000000.0,-0.03272322797326407,-0.012126700633869747,0.15718261398128885,0.15718261398128885,1.0114046025054972,0.0,-192749420.65088853,False,True,False
finetuned_qualt5,test-2019_test-2020,0.3,30.0,BM25,RR@10,97,0.7986786123384061,0.8072164948453608,0.008537882506954676,-0.05,-0.039933930616920306,1000000.0,-0.054291366293013114,0.07136713130692246,0.06448149500618372,0.06448149500618372,1.531385309232035,0.0,-31593315.732663557,False,True,False
finetuned_qualt5,test-2019_test-2020,0.3,30.0,BM25,nDCG@10,97,0.4873823836823968,0.4996544494301745,0.012272065747777828,-0.05,-0.02436911918411984,1000000.0,-0.01820494058020076,0.042749072075756414,0.009486207151660575,0.009486207151660575,2.386460679996441,0.0,-65130553.368980326,True,True,True
finetuned_qualt5,test-2019_test-2020,0.3,30.0,BM25,R@100,97,0.4769567428702133,0.4412626946380597,-0.035694048232153684,-0.05,-0.023847837143510665,1000000.0,-0.05749426529663797,-0.013893831167669402,0.8582740634932864,0.8582740634932864,-1.0786380288088857,0.0,-91053422.84031527,False,False,False
finetuned_qualt5,test-2019_test-2020,0.3,30.0,SPLADE,RR@10,97,0.8618106692848961,0.861896579937817,8.59106529209619e-05,-0.05,-0.04309053346424481,1000000.0,-0.025747688125977417,0.02591950943181934,0.0006417578743237799,0.0006417578743237799,3.3175619445741225,0.0,-76837312.8478669,True,True,True
finetuned_qualt5,test-2019_test-2020,0.3,30.0,SPLADE,nDCG@10,97,0.5903063303445052,0.5782938777862628,-0.01201245255824236,-0.05,-0.029515316517225262,1000000.0,-0.028288914998622218,0.004264009882137496,0.01767234363851616,0.01767234363851616,2.1345492297669026,0.0,-121954284.76221293,True,True,True
finetuned_qualt5,test-2019_test-2020,0.3,30.0,SPLADE,R@100,97,0.4689618970534333,0.421010286424692,-0.047951610628741134,-0.05,-0.023448094852671665,1000000.0,-0.06620243493494253,-0.02970078632253974,0.9954842353865917,0.9954842353865917,-2.665035484250635,0.0,-108761356.38650255,False,False,False
finetuned_qualt5,test-2019_test-2020,0.3,30.0,TAS-B,RR@10,97,0.9354933726067747,0.9396170839469808,0.004123711340206186,-0.05,-0.04677466863033874,1000000.0,-0.006331679236566049,0.01457910191697842,3.9356384821734694e-16,3.9356384821734694e-16,9.663195744052903,0.0,-189852716.5264749,True,True,True
finetuned_qualt5,test-2019_test-2020,0.3,30.0,TAS-B,nDCG@10,97,0.697936757957595,0.6795804993247984,-0.01835625863279693,-0.05,-0.03489683789787975,1000000.0,-0.03494175627096603,-0.0017707609946278312,0.025305663138994582,0.025305663138994582,1.9796083940987568,0.0,-119681928.83159274,True,True,False
finetuned_qualt5,test-2019_test-2020,0.3,30.0,TAS-B,R@100,97,0.553444309695361,0.49229452275059143,-0.06114978694476954,-0.05,-0.02767221548476805,1000000.0,-0.07984041642908696,-0.04245915746045211,0.9997060695450398,0.9997060695450398,-3.55538876804653,0.0,-106202117.7284536,False,False,False
finetuned_qualt5,test-2019_test-2020,0.45,45.0,BM25,RR@10,97,0.7986786123384061,0.8228522336769759,0.024173621338569797,-0.05,-0.039933930616920306,1000000.0,-0.039283137353841556,0.08763038003098114,0.02387085858145649,0.02387085858145649,2.005341708345487,0.0,-31280895.91163028,True,True,True
finetuned_qualt5,test-2019_test-2020,0.45,45.0,BM25,nDCG@10,97,0.4873823836823968,0.48947350904261233,0.0020911253602156244,-0.05,-0.02436911918411984,1000000.0,-0.03369513114600622,0.03787738186643747,0.07272844580008911,0.07272844580008911,1.4676911034449316,0.0,-55467782.91926274,False,True,False
finetuned_qualt5,test-2019_test-2020,0.45,45.0,BM25,R@100,97,0.4769567428702133,0.4007008853882153,-0.07625585748199809,-0.05,-0.023847837143510665,1000000.0,-0.10599237436258618,-0.04651934060141,0.9996443971926289,0.9996443971926289,-3.4983619160254085,0.0,-66752419.957883194,False,False,False
finetuned_qualt5,test-2019_test-2020,0.45,45.0,SPLADE,RR@10,97,0.8618106692848961,0.8533055146457208,-0.008505154639175259,-0.05,-0.04309053346424481,1000000.0,-0.04076223801379554,0.023751928735445026,0.017938140155793394,0.017938140155793394,2.128259197486365,0.0,-61536385.83379775,True,True,True
finetuned_qualt5,test-2019_test-2020,0.45,45.0,SPLADE,nDCG@10,97,0.5903063303445052,0.5662914699082667,-0.024014860436238458,-0.05,-0.029515316517225262,1000000.0,-0.04570889535093742,-0.002320825521539494,0.3079577790078454,0.3079577790078454,0.5032866900949995,0.0,-91499085.67055905,False,True,False
finetuned_qualt5,test-2019_test-2020,0.45,45.0,SPLADE,R@100,97,0.4689618970534333,0.38295415554860374,-0.08600774150482954,-0.05,-0.023448094852671665,1000000.0,-0.11096735469609068,-0.06104812831356841,0.9999985713352206,0.9999985713352206,-4.975234038600217,0.0,-79527854.33990696,False,False,False
finetuned_qualt5,test-2019_test-2020,0.45,45.0,TAS-B,RR@10,97,0.9354933726067747,0.937039764359352,0.0015463917525773197,-0.05,-0.04677466863033874,1000000.0,-0.01975398455378006,0.0228467680589347,9.422960619770252e-06,9.422960619770252e-06,4.503044706679844,0.0,-93190105.18462104,True,True,True
finetuned_qualt5,test-2019_test-2020,0.45,45.0,TAS-B,nDCG@10,97,0.697936757957595,0.6614008480746697,-0.03653590988292555,-0.05,-0.03489683789787975,1000000.0,-0.05758056828596385,-0.015491251479887256,0.5612699045671243,0.5612699045671243,-0.15460132987077585,0.0,-94322480.60475272,False,False,False
finetuned_qualt5,test-2019_test-2020,0.45,45.0,TAS-B,R@100,97,0.553444309695361,0.4382103987077242,-0.11523391098763684,-0.05,-0.02767221548476805,1000000.0,-0.14117780155551807,-0.08929002041975562,0.999999999288837,0.999999999288837,-6.699403522747941,0.0,-76510673.48880787,False,False,False
finetuned_qualt5,test-2019_test-2020,0.6,60.0,BM25,RR@10,97,0.7986786123384061,0.8263745704467353,0.027695958108329248,-0.05,-0.039933930616920306,1000000.0,-0.045910450504777066,0.10130236672143555,0.035645902408831406,0.035645902408831406,1.8238122283051503,0.0,-26967546.630192883,True,True,False
finetuned_qualt5,test-2019_test-2020,0.6,60.0,BM25,nDCG@10,97,0.4873823836823968,0.4698592256263194,-0.017523158056077317,-0.05,-0.02436911918411984,1000000.0,-0.05713144708968507,0.02208513097753043,0.3661412408967919,0.3661412408967919,0.343087918414885,0.0,-50115377.22899233,False,True,False
finetuned_qualt5,test-2019_test-2020,0.6,60.0,BM25,R@100,97,0.4769567428702133,0.3354455449212889,-0.14151119794892442,-0.05,-0.023847837143510665,1000000.0,-0.18255567560991065,-0.10046672028793817,0.999999931374501,0.999999931374501,-5.6904104656876715,0.0,-48361794.46170175,False,False,False
finetuned_qualt5,test-2019_test-2020,0.6,60.0,SPLADE,RR@10,97,0.8618106692848961,0.8273482245131728,-0.034462444771723125,-0.05,-0.04309053346424481,1000000.0,-0.08316059610145221,0.014235706558005955,0.3629210120776867,0.3629210120776867,0.35168933985176387,0.0,-40760980.15504427,False,True,False
finetuned_qualt5,test-2019_test-2020,0.6,60.0,SPLADE,nDCG@10,97,0.5903063303445052,0.5212256099225003,-0.06908072042200494,-0.05,-0.029515316517225262,1000000.0,-0.10308728504766103,-0.03507415579634886,0.9884691829921326,0.9884691829921326,-2.309457214949731,0.0,-58370625.51027582,False,False,False
finetuned_qualt5,test-2019_test-2020,0.6,60.0,SPLADE,R@100,97,0.4689618970534333,0.31358406774952563,-0.15537782930390762,-0.05,-0.023448094852671665,1000000.0,-0.19196185526615758,-0.11879380334165765,0.999999999918048,0.999999999918048,-7.1582732141176,0.0,-54258233.4159128,False,False,False
finetuned_qualt5,test-2019_test-2020,0.6,60.0,TAS-B,RR@10,97,0.9354933726067747,0.8968335787923416,-0.03865979381443299,-0.05,-0.04677466863033874,1000000.0,-0.08096212671007344,0.0036425390812074646,0.3521037598819222,0.3521037598819222,0.3807803990231256,0.0,-46923756.974988684,False,True,False
finetuned_qualt5,test-2019_test-2020,0.6,60.0,TAS-B,nDCG@10,97,0.697936757957595,0.602788613110302,-0.09514814484729323,-0.05,-0.03489683789787975,1000000.0,-0.13138433291051288,-0.058911956784073585,0.9993222224377861,0.9993222224377861,-3.300509944234987,0.0,-54779064.97602563,False,False,False
finetuned_qualt5,test-2019_test-2020,0.6,60.0,TAS-B,R@100,97,0.553444309695361,0.3568177898464306,-0.19662651984893043,-0.05,-0.02767221548476805,1000000.0,-0.23312584981274498,-0.16012718988511587,0.9999999999999959,0.9999999999999959,-9.188432879753856,0.0,-54384140.8540784,False,False,False
itn_dev.small,,0.15,15.0,BM25,RR@10,6980,0.18427616318733797,0.18092929913130484,-0.003346864056033109,-0.05,-0.009213808159366899,1000000.0,-0.008547441450689856,0.001853713338623639,0.013517311831842349,0.013517311831842349,2.211484009396916,0.0,-376939677.25750357,True,True,True
itn_dev.small,,0.15,15.0,BM25,nDCG@10,6980,0.2299347532023317,0.2226308898856378,-0.007303863316693895,-0.05,-0.011496737660116586,1000000.0,-0.012465125764319513,-0.002142600869068277,0.055658894863009276,0.055658894863009276,1.5924995589305855,0.0,-379810945.93500495,False,True,False
itn_dev.small,,0.15,15.0,BM25,R@100,6980,0.6777578796561604,0.6143505253104108,-0.06340735434574976,-0.05,-0.033887893982808025,1000000.0,-0.07175002429597646,-0.05506468439552307,0.9999999999978065,0.9999999999978065,-6.936282429568435,0.0,-234973227.29135835,False,False,False
itn_dev.small,,0.15,15.0,SPLADE,RR@10,6980,0.29693398371765134,0.27534474916996404,-0.021589234547687266,-0.05,-0.014846699185882568,1000000.0,-0.025533048547773253,-0.01764542054760128,0.999595888640646,0.999595888640646,-3.3514305586708915,0.0,-497057924.2358872,False,False,False
itn_dev.small,,0.15,15.0,SPLADE,nDCG@10,6980,0.3525535290063942,0.3250524634423248,-0.027501065564069387,-0.05,-0.01762767645031971,1000000.0,-0.03170357147585275,-0.02329855965228602,0.9999979066265658,0.9999979066265658,-4.605548252914751,0.0,-466460738.7101306,False,False,False
itn_dev.small,,0.15,15.0,SPLADE,R@100,6980,0.8166905444126075,0.7285100286532952,-0.08818051575931232,-0.05,-0.04083452722063038,1000000.0,-0.09552508393937882,-0.08083594757924582,1.0,1.0,-12.636893886563552,0.0,-266905294.21657246,False,False,False
itn_dev.small,,0.15,15.0,TAS-B,RR@10,6980,0.3472977213808159,0.31828472506481104,-0.029012996316004912,-0.05,-0.017364886069040793,1000000.0,-0.03357119205503069,-0.024454800576979137,0.9999997202964594,0.9999997202964594,-5.009402388406845,0.0,-430061394.29786307,False,False,False
itn_dev.small,,0.15,15.0,TAS-B,nDCG@10,6980,0.4106574638556805,0.37494399472905443,-0.03571346912662614,-0.05,-0.02053287319278403,1000000.0,-0.04043586276182806,-0.030991075491424217,0.9999999998437298,0.9999999998437298,-6.301588684626216,0.0,-415108137.8583876,False,False,False
itn_dev.small,,0.15,15.0,TAS-B,R@100,6980,0.8869149952244508,0.7904727793696275,-0.09644221585482332,-0.05,-0.04434574976122255,1000000.0,-0.10406217992167135,-0.08882225178797529,1.0,1.0,-13.402282188229243,0.0,-257258975.23827037,False,False,False
itn_dev.small,,0.3,30.0,BM25,RR@10,6980,0.18427616318733797,0.15460448219402378,-0.02967168099331423,-0.05,-0.009213808159366899,1000000.0,-0.03628144978674398,-0.023061912199884474,0.9999999993157225,0.9999999993157225,-6.067330090463524,0.0,-296576790.7415778,False,False,False
itn_dev.small,,0.3,30.0,BM25,nDCG@10,6980,0.2299347532023317,0.18851653050615338,-0.04141822269617831,-0.05,-0.011496737660116586,1000000.0,-0.048205086734347355,-0.03463135865800926,1.0,1.0,-8.642460673966058,0.0,-288837971.16036934,False,False,False
itn_dev.small,,0.3,30.0,BM25,R@100,6980,0.6777578796561604,0.5029011461318051,-0.1748567335243553,-0.05,-0.033887893982808025,1000000.0,-0.18618771563984804,-0.16352575140886255,1.0,1.0,-24.38815729388289,0.0,-173003918.01216874,False,False,False
itn_dev.small,,0.3,30.0,SPLADE,RR@10,6980,0.29693398371765134,0.23732199708918905,-0.05961198662846228,-0.05,-0.014846699185882568,1000000.0,-0.06568337033825097,-0.05354060291867358,1.0,1.0,-14.45363600050513,0.0,-322875998.07450634,False,False,False
itn_dev.small,,0.3,30.0,SPLADE,nDCG@10,6980,0.3525535290063942,0.27609181744981787,-0.07646171155657634,-0.05,-0.01762767645031971,1000000.0,-0.0829416810780289,-0.06998174203512378,1.0,1.0,-17.79832320352015,0.0,-302517488.9375838,False,False,False
itn_dev.small,,0.3,30.0,SPLADE,R@100,6980,0.8166905444126075,0.589087870105062,-0.22760267430754538,-0.05,-0.04083452722063038,1000000.0,-0.23828983503059228,-0.21691551358449848,1.0,1.0,-34.25814839653662,0.0,-183426118.04056895,False,False,False
itn_dev.small,,0.3,30.0,TAS-B,RR@10,6980,0.3472977213808159,0.2720964660936008,-0.07520125528721518,-0.05,-0.017364886069040793,1000000.0,-0.08196069365596578,-0.06844181691846457,1.0,1.0,-16.773118906834046,0.0,-290009908.90214616,False,False,False
itn_dev.small,,0.3,30.0,TAS-B,nDCG@10,6980,0.4106574638556805,0.31640691923271874,-0.0942505446229618,-0.05,-0.02053287319278403,1000000.0,-0.10133691788614352,-0.08716417135978008,1.0,1.0,-20.392524881492722,0.0,-276630099.78298396,False,False,False
itn_dev.small,,0.3,30.0,TAS-B,R@100,6980,0.8869149952244508,0.6366881566380135,-0.2502268385864374,-0.05,-0.04434574976122255,1000000.0,-0.26111366445382084,-0.23934001271905397,1.0,1.0,-37.07136664489942,0.0,-180062074.33953527,False,False,False
itn_dev.small,,0.45,45.0,BM25,RR@10,6980,0.18427616318733797,0.13028766998681038,-0.053988493200527586,-0.05,-0.009213808159366899,1000000.0,-0.06138154998812839,-0.04659543641292678,1.0,1.0,-11.87221941235237,0.0,-265154741.84579203,False,False,False
itn_dev.small,,0.45,45.0,BM25,nDCG@10,6980,0.2299347532023317,0.15708972057927928,-0.07284503262305243,-0.05,-0.011496737660116586,1000000.0,-0.08054410272778863,-0.06514596251831624,1.0,1.0,-15.620237743596737,0.0,-254615696.9951745,False,False,False
itn_dev.small,,0.45,45.0,BM25,R@100,6980,0.6777578796561604,0.39471107927411647,-0.28304680038204394,-0.05,-0.033887893982808025,1000000.0,-0.2958446279522757,-0.2702489728118122,1.0,1.0,-38.16485163113089,0.0,-153174787.06708223,False,False,False
itn_dev.small,,0.45,45.0,SPLADE,RR@10,6980,0.29693398371765134,0.19972597443944146,-0.09720800927820986,-0.05,-0.014846699185882568,1000000.0,-0.10475758398802255,-0.08965843456839716,1.0,1.0,-21.385734743602907,0.0,-259657560.06666398,False,False,False
itn_dev.small,,0.45,45.0,SPLADE,nDCG@10,6980,0.3525535290063942,0.22864963019649429,-0.1239038988098999,-0.05,-0.01762767645031971,1000000.0,-0.13185161828528397,-0.11595617933451581,1.0,1.0,-26.213016198198904,0.0,-246649898.38840327,False,False,False
itn_dev.small,,0.45,45.0,SPLADE,R@100,6980,0.8166905444126075,0.45653056351480414,-0.36015998089780327,-0.05,-0.04083452722063038,1000000.0,-0.37227773789361807,-0.34804222390198847,1.0,1.0,-51.65765834323992,0.0,-161771247.33841392,False,False,False
itn_dev.small,,0.45,45.0,TAS-B,RR@10,6980,0.3472977213808159,0.22684762586983215,-0.12045009551098376,-0.05,-0.017364886069040793,1000000.0,-0.1285156952802419,-0.11238449574172564,1.0,1.0,-25.05434808013918,0.0,-243045061.7850108,False,False,False
itn_dev.small,,0.45,45.0,TAS-B,nDCG@10,6980,0.4106574638556805,0.25903019399096106,-0.15162726986471947,-0.05,-0.02053287319278403,1000000.0,-0.16001616172511926,-0.14323837800431968,1.0,1.0,-30.63394652853463,0.0,-233678570.18433785,False,False,False
itn_dev.small,,0.45,45.0,TAS-B,R@100,6980,0.8869149952244508,0.4901623686723974,-0.3967526265520535,-0.05,-0.04434574976122255,1000000.0,-0.40897158258204963,-0.3845336705220574,1.0,1.0,-56.5371209905913,0.0,-160431442.02148995,False,False,False
itn_dev.small,,0.6,60.0,BM25,RR@10,6980,0.18427616318733797,0.10608706280984218,-0.07818910037749577,-0.05,-0.009213808159366899,1000000.0,-0.08609106846028323,-0.0702871322947083,1.0,1.0,-17.111248353831677,0.0,-248077958.6642681,False,False,False
itn_dev.small,,0.6,60.0,BM25,nDCG@10,6980,0.2299347532023317,0.12597021785456036,-0.10396453534777135,-0.05,-0.011496737660116586,1000000.0,-0.11226016695477499,-0.09566890374076771,1.0,1.0,-21.85065566966389,0.0,-236305594.89657235,False,False,False
itn_dev.small,,0.6,60.0,BM25,R@100,6980,0.6777578796561604,0.2914756446991404,-0.3862822349570201,-0.05,-0.033887893982808025,1000000.0,-0.39966430711377593,-0.3729001628002642,1.0,1.0,-51.62130448436744,0.0,-146487381.95412144,False,False,False
itn_dev.small,,0.6,60.0,SPLADE,RR@10,6980,0.29693398371765134,0.15949896529767588,-0.13743501841997544,-0.05,-0.014846699185882568,1000000.0,-0.1459556138151706,-0.12891442302478026,1.0,1.0,-28.20347126810694,0.0,-230066578.28789207,False,False,False
itn_dev.small,,0.6,60.0,SPLADE,nDCG@10,6980,0.3525535290063942,0.1798909473965888,-0.1726625816098054,-0.05,-0.01762767645031971,1000000.0,-0.18153287591797695,-0.16379228730163387,1.0,1.0,-34.26217075492634,0.0,-220996533.8803891,False,False,False
itn_dev.small,,0.6,60.0,SPLADE,R@100,6980,0.8166905444126075,0.3325334288443171,-0.48415711556829033,-0.05,-0.04083452722063038,1000000.0,-0.49665496518465985,-0.4716592659519208,1.0,1.0,-69.53572425209332,0.0,-156851375.828786,False,False,False
itn_dev.small,,0.6,60.0,TAS-B,RR@10,6980,0.3472977213808159,0.18223421794696867,-0.16506350343384726,-0.05,-0.017364886069040793,1000000.0,-0.17412802185777274,-0.1559989850099218,1.0,1.0,-31.941485547306275,0.0,-216261271.70023724,False,False,False
itn_dev.small,,0.6,60.0,TAS-B,nDCG@10,6980,0.4106574638556805,0.20447972404547207,-0.20617773981020848,-0.05,-0.02053287319278403,1000000.0,-0.2155050247655972,-0.19685045485481978,1.0,1.0,-39.01675231087403,0.0,-210168808.14520597,False,False,False
itn_dev.small,,0.6,60.0,TAS-B,R@100,6980,0.8869149952244508,0.35500238777459414,-0.5319126074498567,-0.05,-0.04434574976122255,1000000.0,-0.5442117309448189,-0.5196134839548945,1.0,1.0,-77.71116709034938,0.0,-159385748.23214537,False,False,False
itn,test-2019_test-2020,0.15,15.0,BM25,RR@10,97,0.7986786123384061,0.7831901489117983,-0.015488463426607752,-0.05,-0.039933930616920306,1000000.0,-0.06309289160558695,0.032115964752371454,0.15530788839464235,0.15530788839464235,1.0193141839322302,0.0,-41697472.65553521,False,True,False
itn,test-2019_test-2020,0.15,15.0,BM25,nDCG@10,97,0.4873823836823968,0.4697002425971704,-0.017682141085226342,-0.05,-0.02436911918411984,1000000.0,-0.04354030531236322,0.008176023141910533,0.30445296285253654,0.30445296285253654,0.5133213054593092,0.0,-76764318.1934256,False,True,False
itn,test-2019_test-2020,0.15,15.0,BM25,R@100,97,0.4769567428702133,0.43576807646715354,-0.04118866640305982,-0.05,-0.023847837143510665,1000000.0,-0.060578134501782455,-0.02179919830433719,0.960487597678637,0.960487597678637,-1.7752562295100172,0.0,-102374360.3064926,False,False,False
itn,test-2019_test-2020,0.15,15.0,SPLADE,RR@10,97,0.8618106692848961,0.8617247586319751,-8.59106529209619e-05,-0.05,-0.04309053346424481,1000000.0,-0.024905496792189615,0.02473367548634769,0.0004321408414515381,0.0004321408414515381,3.4393603956484893,0.0,-79976527.43133292,True,True,True
itn,test-2019_test-2020,0.15,15.0,SPLADE,nDCG@10,97,0.5903063303445052,0.5676483466243868,-0.022657983720118326,-0.05,-0.029515316517225262,1000000.0,-0.039284786584779255,-0.006031180855457393,0.2075040013005212,0.2075040013005212,0.8186599752219987,0.0,-119384608.85500129,False,True,False
itn,test-2019_test-2020,0.15,15.0,SPLADE,R@100,97,0.4689618970534333,0.42555914567927006,-0.04340275137416316,-0.05,-0.023448094852671665,1000000.0,-0.057835284111698596,-0.028970218636627732,0.9963827646628237,0.9963827646628237,-2.74447187181054,0.0,-137535416.25596648,False,False,False
itn,test-2019_test-2020,0.15,15.0,TAS-B,RR@10,97,0.9354933726067747,0.9396170839469808,0.004123711340206186,-0.05,-0.04677466863033874,1000000.0,-0.006331679236566049,0.01457910191697842,3.9356384821734694e-16,3.9356384821734694e-16,9.663195744052903,0.0,-189852716.5264749,True,True,True
itn,test-2019_test-2020,0.15,15.0,TAS-B,nDCG@10,97,0.697936757957595,0.6750917153280939,-0.02284504262950119,-0.05,-0.03489683789787975,1000000.0,-0.03557524245578158,-0.010114842803220801,0.03162512697964887,0.03162512697964887,1.8792025938295975,0.0,-155927195.48519906,True,True,False
itn,test-2019_test-2020,0.15,15.0,TAS-B,R@100,97,0.553444309695361,0.4976588559005569,-0.05578545379480406,-0.05,-0.02767221548476805,1000000.0,-0.0713818980432872,-0.04018900954632092,0.9997276168004184,0.9997276168004184,-3.5780166365280097,0.0,-127271600.54172741,False,False,False
itn,test-2019_test-2020,0.3,30.0,BM25,RR@10,97,0.7986786123384061,0.7770291278023236,-0.02164948453608247,-0.05,-0.039933930616920306,1000000.0,-0.07535130089669127,0.03205233182452634,0.2503805855917144,0.2503805855917144,0.6758493673990592,0.0,-36963076.652299695,False,True,False
itn,test-2019_test-2020,0.3,30.0,BM25,nDCG@10,97,0.4873823836823968,0.42492846914905336,-0.06245391453334333,-0.05,-0.02436911918411984,1000000.0,-0.09281346323272117,-0.03209436583396548,0.9927549748191952,0.9927549748191952,-2.4900805352757875,0.0,-65382540.931569815,False,False,False
itn,test-2019_test-2020,0.3,30.0,BM25,R@100,97,0.4769567428702133,0.3813192893974541,-0.09563745347275925,-0.05,-0.023847837143510665,1000000.0,-0.12450279785750007,-0.06677210908801842,0.9999983276489713,0.9999983276489713,-4.936759466473587,0.0,-68767047.25612736,False,False,False
itn,test-2019_test-2020,0.3,30.0,SPLADE,RR@10,97,0.8618106692848961,0.8512600229095074,-0.010550646375388642,-0.05,-0.04309053346424481,1000000.0,-0.03695463066415998,0.01585333791338269,0.008127378244106871,0.008127378244106871,2.446265861392688,0.0,-75177454.68883756,True,True,True
itn,test-2019_test-2020,0.3,30.0,SPLADE,nDCG@10,97,0.5903063303445052,0.5250924619923382,-0.06521386835216701,-0.05,-0.029515316517225262,1000000.0,-0.09190637446219833,-0.03852136224213569,0.995353735483482,0.995353735483482,-2.654717584202627,0.0,-74364858.5410849,False,False,False
itn,test-2019_test-2020,0.3,30.0,SPLADE,R@100,97,0.4689618970534333,0.3684849728104692,-0.10047692424296402,-0.05,-0.023448094852671665,1000000.0,-0.125893339682375,-0.07506050880355304,0.9999999837698277,0.9999999837698277,-6.015837215118841,0.0,-78098523.20473944,False,False,False
itn,test-2019_test-2020,0.3,30.0,TAS-B,RR@10,97,0.9354933726067747,0.9298969072164949,-0.005596465390279824,-0.05,-0.04677466863033874,1000000.0,-0.012111253997113863,0.0009183232165542142,2.9811004798132887e-22,2.9811004798132887e-22,12.54654484457241,0.0,-304688984.1609991,True,True,True
itn,test-2019_test-2020,0.3,30.0,TAS-B,nDCG@10,97,0.697936757957595,0.6280247731160585,-0.06991198484153668,-0.05,-0.03489683789787975,1000000.0,-0.09430117361679578,-0.045522796066277585,0.9973231029148387,0.9973231029148387,-2.849808494640015,0.0,-81387883.31979375,False,False,False
itn,test-2019_test-2020,0.3,30.0,TAS-B,R@100,97,0.553444309695361,0.4265376243486187,-0.12690668534674232,-0.05,-0.02767221548476805,1000000.0,-0.15310398859253474,-0.1007093821009499,0.9999999999854097,0.9999999999854097,-7.519051254665061,0.0,-75770568.62742573,False,False,False
itn,test-2019_test-2020,0.45,45.0,BM25,RR@10,97,0.7986786123384061,0.7560260186548845,-0.04265259368352151,-0.05,-0.039933930616920306,1000000.0,-0.10290330435598485,0.017598116988941835,0.5355912310887458,0.5355912310887458,-0.08956746692796402,0.0,-32945410.502899744,False,False,False
itn,test-2019_test-2020,0.45,45.0,BM25,nDCG@10,97,0.4873823836823968,0.38923617462611276,-0.09814620905628395,-0.05,-0.02436911918411984,1000000.0,-0.13637992799393353,-0.05991249011863437,0.9998858516478376,0.9998858516478376,-3.8302935214196716,0.0,-51917118.22715331,False,False,False
itn,test-2019_test-2020,0.45,45.0,BM25,R@100,97,0.4769567428702133,0.31467839132938796,-0.16227835154082537,-0.05,-0.023847837143510665,1000000.0,-0.19766332492584981,-0.12689337815580093,0.9999999999955616,0.9999999999955616,-7.765510979079366,0.0,-56096824.26640121,False,False,False
itn,test-2019_test-2020,0.45,45.0,SPLADE,RR@10,97,0.8618106692848961,0.8571142202585502,-0.004696449026345934,-0.05,-0.04309053346424481,1000000.0,-0.03947331911926294,0.030080421066571068,0.015419218434049432,0.015419218434049432,2.191446644312839,0.0,-57077716.18175833,True,True,True
itn,test-2019_test-2020,0.45,45.0,SPLADE,nDCG@10,97,0.5903063303445052,0.49036890475661105,-0.09993742558789417,-0.05,-0.029515316517225262,1000000.0,-0.13661763864003962,-0.06325721253574873,0.9998778209109201,0.9998778209109201,-3.8109588265335272,0.0,-54115948.211187854,False,False,False
itn,test-2019_test-2020,0.45,45.0,SPLADE,R@100,97,0.4689618970534333,0.31032933242881927,-0.15863256462461395,-0.05,-0.023448094852671665,1000000.0,-0.19106438200267095,-0.12620074724655694,0.9999999999996274,0.9999999999996274,-8.273944334722964,0.0,-61204853.34741639,False,False,False
itn,test-2019_test-2020,0.45,45.0,TAS-B,RR@10,97,0.9354933726067747,0.9239813451153659,-0.011512027491408935,-0.05,-0.04677466863033874,1000000.0,-0.02996040427497248,0.0069363492921546074,0.00012959839063495892,0.00012959839063495892,3.7941435317109424,0.0,-107596693.06790833,True,True,True
itn,test-2019_test-2020,0.45,45.0,TAS-B,nDCG@10,97,0.697936757957595,0.5892749264005825,-0.10866183155701274,-0.05,-0.03489683789787975,1000000.0,-0.14223257386533078,-0.07509108924869472,0.9999837607845043,0.9999837607845043,-4.361606121449511,0.0,-59128407.37904141,False,False,False
itn,test-2019_test-2020,0.45,45.0,TAS-B,R@100,97,0.553444309695361,0.3556718899585479,-0.19777241973681306,-0.05,-0.02767221548476805,1000000.0,-0.23140236513479268,-0.16414247433883344,1.0,1.0,-10.040047131590526,0.0,-59024321.34859848,False,False,False
itn,test-2019_test-2020,0.6,60.0,BM25,RR@10,97,0.7986786123384061,0.7037064310260187,-0.09497218131238751,-0.05,-0.039933930616920306,1000000.0,-0.16724640198589147,-0.022697960638883546,0.9330403363269936,0.9330403363269936,-1.5116048730313747,0.0,-27464626.827543393,False,False,False
itn,test-2019_test-2020,0.6,60.0,BM25,nDCG@10,97,0.4873823836823968,0.32607449142609823,-0.16130789225629844,-0.05,-0.02436911918411984,1000000.0,-0.20647805411067177,-0.1161377304019251,0.9999999839060958,0.9999999839060958,-6.017718445750119,0.0,-43944598.60746479,False,False,False
itn,test-2019_test-2020,0.6,60.0,BM25,R@100,97,0.4769567428702133,0.230227065983829,-0.2467296768863843,-0.05,-0.023847837143510665,1000000.0,-0.29153555590510105,-0.20192379786766754,0.9999999999999999,0.9999999999999999,-9.874082707538532,0.0,-44301882.805521294,False,False,False
itn,test-2019_test-2020,0.6,60.0,SPLADE,RR@10,97,0.8618106692848961,0.8065537555228276,-0.05525691376206841,-0.05,-0.04309053346424481,1000000.0,-0.10724461353113356,-0.00326921399300327,0.6783416228902409,0.6783416228902409,-0.46453438268238606,0.0,-38181808.966979414,False,False,False
itn,test-2019_test-2020,0.6,60.0,SPLADE,nDCG@10,97,0.5903063303445052,0.41857684209603185,-0.17172948824847337,-0.05,-0.029515316517225262,1000000.0,-0.21993486581591581,-0.1235241106810309,0.9999999669155366,0.9999999669155366,-5.856045819140394,0.0,-41177660.09890153,False,False,False
itn,test-2019_test-2020,0.6,60.0,SPLADE,R@100,97,0.4689618970534333,0.22064832634139878,-0.24831357071203447,-0.05,-0.023448094852671665,1000000.0,-0.29257228298927945,-0.20405485843478946,0.9999999999999999,0.9999999999999999,-10.085120393692048,0.0,-44849583.331644125,False,False,False
itn,test-2019_test-2020,0.6,60.0,TAS-B,RR@10,97,0.9354933726067747,0.8774300441826216,-0.058063328424153175,-0.05,-0.04677466863033874,1000000.0,-0.10690896347464462,-0.009217693373661719,0.676273783020743,0.676273783020743,-0.458747492294241,0.0,-40637908.0696555,False,False,False
itn,test-2019_test-2020,0.6,60.0,TAS-B,nDCG@10,97,0.697936757957595,0.4888819445001777,-0.2090548134574175,-0.05,-0.03489683789787975,1000000.0,-0.2523788004904133,-0.16573082642442175,0.9999999999984298,0.9999999999984298,-7.9794329397799295,0.0,-45817221.87733482,False,False,False
itn,test-2019_test-2020,0.6,60.0,TAS-B,R@100,97,0.553444309695361,0.25409926948630346,-0.29934504020905756,-0.05,-0.02767221548476805,1000000.0,-0.34253215151870636,-0.25615792889940875,1.0,1.0,-12.486741497492766,0.0,-45962437.531281345,False,False,False
metadata_qualt5_ALLMETAPJ_ck1,test-2019_test-2020,0.15,15.0,BM25,RR@10,97,0.7986786123384061,0.8104197349042709,0.011741122565864836,-0.05,-0.039933930616920306,1000000.0,-0.04432083721013307,0.06780308234186275,0.035202454280734014,0.035202454280734014,1.8296572270253584,0.0,-35406972.85924912,True,True,False
metadata_qualt5_ALLMETAPJ_ck1,test-2019_test-2020,0.15,15.0,BM25,nDCG@10,97,0.4873823836823968,0.5041178142285919,0.016735430546195286,-0.05,-0.02436911918411984,1000000.0,-0.008744323469480248,0.04221518456187082,0.0009250956757997299,0.0009250956757997299,3.202224256051509,0.0,-77904373.68784086,True,True,True
metadata_qualt5_ALLMETAPJ_ck1,test-2019_test-2020,0.15,15.0,BM25,R@100,97,0.4769567428702133,0.4604674272819954,-0.01648931558821803,-0.05,-0.023847837143510665,1000000.0,-0.03303998112683309,6.134995039702718e-05,0.18984592437853653,0.18984592437853653,0.882535497393718,0.0,-119933808.0774335,False,True,False
metadata_qualt5_ALLMETAPJ_ck1,test-2019_test-2020,0.15,15.0,SPLADE,RR@10,97,0.8618106692848961,0.8584601538209785,-0.0033505154639175277,-0.05,-0.04309053346424481,1000000.0,-0.015394485011972972,0.008693454084137917,1.4258040647179434e-09,1.4258040647179434e-09,6.549610737212967,0.0,-164811469.36329016,True,True,True
metadata_qualt5_ALLMETAPJ_ck1,test-2019_test-2020,0.15,15.0,SPLADE,nDCG@10,97,0.5903063303445052,0.5875445922458297,-0.0027617380986755145,-0.05,-0.029515316517225262,1000000.0,-0.01277755059869935,0.007254074401348319,3.65500351749059e-07,3.65500351749059e-07,5.302159304400887,0.0,-198185051.58800662,True,True,True
metadata_qualt5_ALLMETAPJ_ck1,test-2019_test-2020,0.15,15.0,SPLADE,R@100,97,0.4689618970534333,0.4498004477463542,-0.01916144930707901,-0.05,-0.023448094852671665,1000000.0,-0.029138828888487983,-0.009184069725670032,0.19794051062317947,0.19794051062317947,0.8528215337171873,0.0,-198948464.71160123,False,True,False
metadata_qualt5_ALLMETAPJ_ck1,test-2019_test-2020,0.15,15.0,TAS-B,RR@10,97,0.9354933726067747,0.9396170839469808,0.004123711340206186,-0.05,-0.04677466863033874,1000000.0,-0.006331679236566049,0.01457910191697842,3.9356384821734694e-16,3.9356384821734694e-16,9.663195744052903,0.0,-189852716.5264749,True,True,True
metadata_qualt5_ALLMETAPJ_ck1,test-2019_test-2020,0.15,15.0,TAS-B,nDCG@10,97,0.697936757957595,0.6962167301436937,-0.001720027813901589,-0.05,-0.03489683789787975,1000000.0,-0.011617273336744496,0.008177217708941318,8.789056978767854e-10,8.789056978767854e-10,6.653916725754244,0.0,-200559267.76433802,True,True,True
metadata_qualt5_ALLMETAPJ_ck1,test-2019_test-2020,0.15,15.0,TAS-B,R@100,97,0.553444309695361,0.5269270522874306,-0.02651725740793036,-0.05,-0.02767221548476805,1000000.0,-0.0373477526324833,-0.015686762183377417,0.4164036389631537,0.4164036389631537,0.2116776394307014,0.0,-183277340.78746095,False,True,False
metadata_qualt5_ALLMETAPJ_ck1,test-2019_test-2020,0.3,30.0,BM25,RR@10,97,0.7986786123384061,0.8064555719194894,0.007776959581083294,-0.05,-0.039933930616920306,1000000.0,-0.05459169284409561,0.0701456120062622,0.06609033995531563,0.06609033995531563,1.5184770690024174,0.0,-31826634.3573028,False,True,False
metadata_qualt5_ALLMETAPJ_ck1,test-2019_test-2020,0.3,30.0,BM25,nDCG@10,97,0.4873823836823968,0.5036508351076414,0.016268451425244707,-0.05,-0.02436911918411984,1000000.0,-0.015641288114526437,0.048178190965015855,0.006553297208822887,0.006553297208822887,2.5279097003529207,0.0,-62206220.04026027,True,True,True
metadata_qualt5_ALLMETAPJ_ck1,test-2019_test-2020,0.3,30.0,BM25,R@100,97,0.4769567428702133,0.43257048439977347,-0.04438625847043986,-0.05,-0.023847837143510665,1000000.0,-0.06769986589278766,-0.021072651048092056,0.958230098586094,0.958230098586094,-1.7486973757003814,0.0,-85142739.33146407,False,False,False
metadata_qualt5_ALLMETAPJ_ck1,test-2019_test-2020,0.3,30.0,SPLADE,RR@10,97,0.8618106692848961,0.8608492881688757,-0.0009613811160202913,-0.05,-0.04309053346424481,1000000.0,-0.023671208305493685,0.021748446073453102,0.00019096917586000376,0.00019096917586000376,3.682357675891456,0.0,-87406403.26666324,True,True,True
metadata_qualt5_ALLMETAPJ_ck1,test-2019_test-2020,0.3,30.0,SPLADE,nDCG@10,97,0.5903063303445052,0.5769041201700935,-0.013402210174411655,-0.05,-0.029515316517225262,1000000.0,-0.029826474628413965,0.003022054279590654,0.02720560518656254,0.02720560518656254,1.9473787328553356,0.0,-120856817.89241336,True,True,False
metadata_qualt5_ALLMETAPJ_ck1,test-2019_test-2020,0.3,30.0,SPLADE,R@100,97,0.4689618970534333,0.4219003632169032,-0.047061533836530056,-0.05,-0.023448094852671665,1000000.0,-0.06588220103178537,-0.02824086664127475,0.9927624163962372,0.9927624163962372,-2.490469941260657,0.0,-105468333.52687089,False,False,False
metadata_qualt5_ALLMETAPJ_ck1,test-2019_test-2020,0.3,30.0,TAS-B,RR@10,97,0.9354933726067747,0.9421944035346097,0.006701030927835052,-0.05,-0.04677466863033874,1000000.0,-0.004901365191691161,0.018303427047361265,5.013942752915165e-15,5.013942752915165e-15,9.148836462537169,0.0,-171083996.59695762,True,True,True
metadata_qualt5_ALLMETAPJ_ck1,test-2019_test-2020,0.3,30.0,TAS-B,nDCG@10,97,0.697936757957595,0.6787425887670954,-0.01919416919049989,-0.05,-0.03489683789787975,1000000.0,-0.035706733485548946,-0.0026816048954508356,0.031048331242260672,0.031048331242260672,1.8876263235906732,0.0,-120210544.78051591,True,True,False
metadata_qualt5_ALLMETAPJ_ck1,test-2019_test-2020,0.3,30.0,TAS-B,R@100,97,0.553444309695361,0.4916246264002033,-0.06181968329515764,-0.05,-0.02767221548476805,1000000.0,-0.08110844830722962,-0.04253091828308567,0.999662512116266,0.999662512116266,-3.5140760872825183,0.0,-102908840.09421065,False,False,False
metadata_qualt5_ALLMETAPJ_ck1,test-2019_test-2020,0.45,45.0,BM25,RR@10,97,0.7986786123384061,0.815750286368843,0.017071674030436926,-0.05,-0.039933930616920306,1000000.0,-0.049601096890070334,0.08374444495094419,0.04645192587286584,0.04645192587286584,1.697173063787265,0.0,-29772038.12348933,True,True,False
metadata_qualt5_ALLMETAPJ_ck1,test-2019_test-2020,0.45,45.0,BM25,nDCG@10,97,0.4873823836823968,0.4887505408558478,0.0013681571734511404,-0.05,-0.02436911918411984,1000000.0,-0.03486120451975535,0.037597518866657624,0.08086663762453361,0.08086663762453361,1.4101294475993023,0.0,-54789381.21030877,False,True,False
metadata_qualt5_ALLMETAPJ_ck1,test-2019_test-2020,0.45,45.0,BM25,R@100,97,0.4769567428702133,0.394407194653048,-0.08254954821716533,-0.05,-0.023847837143510665,1000000.0,-0.11270930828518884,-0.05238978814914182,0.9998984800864341,0.9998984800864341,-3.8634914627444945,0.0,-65815658.70927236,False,False,False
metadata_qualt5_ALLMETAPJ_ck1,test-2019_test-2020,0.45,45.0,SPLADE,RR@10,97,0.8618106692848961,0.8532768777614138,-0.008533791523482246,-0.05,-0.04309053346424481,1000000.0,-0.04097369938903182,0.023906116342067327,0.018531108414638855,0.018531108414638855,2.1145124978263423,0.0,-61189579.720676936,True,True,True
metadata_qualt5_ALLMETAPJ_ck1,test-2019_test-2020,0.45,45.0,SPLADE,nDCG@10,97,0.5903063303445052,0.5597589944119343,-0.030547335932571,-0.05,-0.029515316517225262,1000000.0,-0.05303883823015626,-0.008055833634985746,0.5361908872139212,0.5361908872139212,-0.09108072558037333,0.0,-88254859.36437932,False,False,False
metadata_qualt5_ALLMETAPJ_ck1,test-2019_test-2020,0.45,45.0,SPLADE,R@100,97,0.4689618970534333,0.37061001390337794,-0.09835188315005529,-0.05,-0.023448094852671665,1000000.0,-0.1255244737260557,-0.07117929257405486,0.9999998228058059,0.9999998228058059,-5.471794977688578,0.0,-73050985.00660276,False,False,False
metadata_qualt5_ALLMETAPJ_ck1,test-2019_test-2020,0.45,45.0,TAS-B,RR@10,97,0.9354933726067747,0.9378988708885615,0.0024054982817869417,-0.05,-0.04677466863033874,1000000.0,-0.01977029233903512,0.024581288902609,1.3905970154473553e-05,1.3905970154473553e-05,4.4021817047363285,0.0,-89511320.73245367,True,True,True
metadata_qualt5_ALLMETAPJ_ck1,test-2019_test-2020,0.45,45.0,TAS-B,nDCG@10,97,0.697936757957595,0.6560914488542655,-0.04184530910332966,-0.05,-0.03489683789787975,1000000.0,-0.06467927639302762,-0.0190113418136317,0.7263787383552429,0.7263787383552429,-0.6040389809162043,0.0,-86931209.51823686,False,False,False
metadata_qualt5_ALLMETAPJ_ck1,test-2019_test-2020,0.45,45.0,TAS-B,R@100,97,0.553444309695361,0.42831245384553984,-0.1251318558498211,-0.05,-0.02767221548476805,1000000.0,-0.15209466429138865,-0.09816904740825351,0.9999999999242828,0.9999999999242828,-7.174914940753785,0.0,-73619354.75740765,False,False,False
metadata_qualt5_ALLMETAPJ_ck1,test-2019_test-2020,0.6,60.0,BM25,RR@10,97,0.7986786123384061,0.7924807723776797,-0.006197839960726555,-0.05,-0.039933930616920306,1000000.0,-0.0701413961144816,0.05774571619302849,0.14880433620530056,0.14880433620530056,1.0472612834342692,0.0,-31042757.757492445,False,True,False
metadata_qualt5_ALLMETAPJ_ck1,test-2019_test-2020,0.6,60.0,BM25,nDCG@10,97,0.4873823836823968,0.4659806001896917,-0.021401783492705072,-0.05,-0.02436911918411984,1000000.0,-0.06118406456062906,0.018380497575218917,0.4413034720980683,0.4413034720980683,0.1480587496842533,0.0,-49896192.493941575,False,True,False
metadata_qualt5_ALLMETAPJ_ck1,test-2019_test-2020,0.6,60.0,BM25,R@100,97,0.4769567428702133,0.33144812415830055,-0.14550861871191276,-0.05,-0.023847837143510665,1000000.0,-0.1823115730029644,-0.10870566442086109,0.9999999986525828,0.9999999986525828,-6.561830358292668,0.0,-53935469.002443,False,False,False
metadata_qualt5_ALLMETAPJ_ck1,test-2019_test-2020,0.6,60.0,SPLADE,RR@10,97,0.8618106692848961,0.8023727704140076,-0.059437898870888566,-0.05,-0.04309053346424481,1000000.0,-0.10843873499678908,-0.010437062744988054,0.7452911113239173,0.7452911113239173,-0.6622185748765403,0.0,-40509195.07606332,False,False,False
metadata_qualt5_ALLMETAPJ_ck1,test-2019_test-2020,0.6,60.0,SPLADE,nDCG@10,97,0.5903063303445052,0.5253841176434499,-0.06492221270105532,-0.05,-0.029515316517225262,1000000.0,-0.09632878478692684,-0.03351564061518379,0.9862275347956287,0.9862275347956287,-2.2378161250054736,0.0,-63202836.49464412,False,False,False
metadata_qualt5_ALLMETAPJ_ck1,test-2019_test-2020,0.6,60.0,SPLADE,R@100,97,0.4689618970534333,0.31119820409513227,-0.15776369295830092,-0.05,-0.023448094852671665,1000000.0,-0.19254404454237664,-0.1229833413742252,0.9999999999928048,0.9999999999928048,-7.665660146910346,0.0,-57072011.47438383,False,False,False
metadata_qualt5_ALLMETAPJ_ck1,test-2019_test-2020,0.6,60.0,TAS-B,RR@10,97,0.9354933726067747,0.9341924398625431,-0.0013009327442317148,-0.05,-0.04677466863033874,1000000.0,-0.022003274105722996,0.019401408617259565,1.6331595253654737e-05,1.6331595253654737e-05,4.360118053532345,0.0,-95882116.88005722,True,True,True
metadata_qualt5_ALLMETAPJ_ck1,test-2019_test-2020,0.6,60.0,TAS-B,nDCG@10,97,0.697936757957595,0.6140530651766452,-0.08388369278094988,-0.05,-0.03489683789787975,1000000.0,-0.11230177660375101,-0.055465608958148754,0.9995420876636543,0.9995420876636543,-3.4216993313293793,0.0,-69849342.77821322,False,False,False
metadata_qualt5_ALLMETAPJ_ck1,test-2019_test-2020,0.6,60.0,TAS-B,R@100,97,0.553444309695361,0.35259045630857694,-0.200853853386784,-0.05,-0.02767221548476805,1000000.0,-0.23505364894699887,-0.1666540578265691,1.0,1.0,-10.051604948207691,0.0,-58040835.55785721,False,False,False
metadata_qualt5_ATTFUS_ck5,test-2019_test-2020,0.15,15.0,BM25,RR@10,97,0.7986786123384061,0.8105792832596956,0.01190067092128948,-0.05,-0.039933930616920306,1000000.0,-0.04323443657658316,0.06703577841916213,0.0325359947928792,0.0325359947928792,1.8661588870898278,0.0,-36002184.05278276,True,True,False
metadata_qualt5_ATTFUS_ck5,test-2019_test-2020,0.15,15.0,BM25,nDCG@10,97,0.4873823836823968,0.5052698230341964,0.017887439351799664,-0.05,-0.02436911918411984,1000000.0,-0.005786301042557257,0.041561179746156585,0.0003062901757439677,0.0003062901757439677,3.543107441234186,0.0,-83847513.86806159,True,True,True
metadata_qualt5_ATTFUS_ck5,test-2019_test-2020,0.15,15.0,BM25,R@100,97,0.4769567428702133,0.46508079294443766,-0.011875949925775718,-0.05,-0.023847837143510665,1000000.0,-0.02775186811797893,0.003999968266427496,0.06885532136685492,0.06885532136685492,1.4968588285050048,0.0,-125031151.65203065,False,True,False
metadata_qualt5_ATTFUS_ck5,test-2019_test-2020,0.15,15.0,SPLADE,RR@10,97,0.8618106692848961,0.8584601538209785,-0.0033505154639175277,-0.05,-0.04309053346424481,1000000.0,-0.015394485011972972,0.008693454084137917,1.4258040647179434e-09,1.4258040647179434e-09,6.549610737212967,0.0,-164811469.36329016,True,True,True
metadata_qualt5_ATTFUS_ck5,test-2019_test-2020,0.15,15.0,SPLADE,nDCG@10,97,0.5903063303445052,0.5869208430594187,-0.0033854872850864956,-0.05,-0.029515316517225262,1000000.0,-0.012120713606645173,0.005349739036472182,2.3012690735593894e-08,2.3012690735593894e-08,5.937716915332889,0.0,-227239025.6623557,True,True,True
metadata_qualt5_ATTFUS_ck5,test-2019_test-2020,0.15,15.0,SPLADE,R@100,97,0.4689618970534333,0.453353220323674,-0.015608676729759255,-0.05,-0.023448094852671665,1000000.0,-0.02514914010321467,-0.00606821335630384,0.05307649507520532,0.05307649507520532,1.6310656386784146,0.0,-208059531.7871929,False,True,False
metadata_qualt5_ATTFUS_ck5,test-2019_test-2020,0.15,15.0,TAS-B,RR@10,97,0.9354933726067747,0.9396170839469808,0.004123711340206186,-0.05,-0.04677466863033874,1000000.0,-0.006331679236566049,0.01457910191697842,3.9356384821734694e-16,3.9356384821734694e-16,9.663195744052903,0.0,-189852716.5264749,True,True,True
metadata_qualt5_ATTFUS_ck5,test-2019_test-2020,0.15,15.0,TAS-B,nDCG@10,97,0.697936757957595,0.6992031870580457,0.001266429100450541,-0.05,-0.03489683789787975,1000000.0,-0.008147174826576477,0.01068003302747756,8.734855990275499e-12,8.734855990275499e-12,7.625508593929503,0.0,-210863376.49262765,True,True,True
metadata_qualt5_ATTFUS_ck5,test-2019_test-2020,0.15,15.0,TAS-B,R@100,97,0.553444309695361,0.530160625620251,-0.023283684075109966,-0.05,-0.02767221548476805,1000000.0,-0.032896692949433017,-0.013670675200786915,0.18355335171211679,0.18355335171211679,0.9061851614535036,0.0,-206489391.99991617,False,True,False
metadata_qualt5_ATTFUS_ck5,test-2019_test-2020,0.3,30.0,BM25,RR@10,97,0.7986786123384061,0.8036205203730977,0.004941908034691544,-0.05,-0.039933930616920306,1000000.0,-0.057554208957263556,0.06743802502664664,0.07865199473984157,0.07865199473984157,1.425333924373469,0.0,-31761722.12390296,False,True,False
metadata_qualt5_ATTFUS_ck5,test-2019_test-2020,0.3,30.0,BM25,nDCG@10,97,0.4873823836823968,0.4942402757033147,0.006857892020918021,-0.05,-0.02436911918411984,1000000.0,-0.024397947082108733,0.038113731123944776,0.025103739989044763,0.025103739989044763,1.983153520009033,0.0,-63507631.05016076,True,True,False
metadata_qualt5_ATTFUS_ck5,test-2019_test-2020,0.3,30.0,BM25,R@100,97,0.4769567428702133,0.43190186294538974,-0.04505487992482358,-0.05,-0.023847837143510665,1000000.0,-0.06897178760558458,-0.021137972244062584,0.9592102057691858,0.9592102057691858,-1.760079010913917,0.0,-82995027.09378228,False,False,False
metadata_qualt5_ATTFUS_ck5,test-2019_test-2020,0.3,30.0,SPLADE,RR@10,97,0.8618106692848961,0.8608492881688757,-0.0009613811160202913,-0.05,-0.04309053346424481,1000000.0,-0.021797242075458145,0.019874479843417562,5.929058461669474e-05,5.929058461669474e-05,4.013546962716055,0.0,-95267688.59245157,True,True,True
metadata_qualt5_ATTFUS_ck5,test-2019_test-2020,0.3,30.0,SPLADE,nDCG@10,97,0.5903063303445052,0.5750315026852221,-0.01527482765928314,-0.05,-0.029515316517225262,1000000.0,-0.032049337938626465,0.0014996826200601894,0.04760633308880733,0.04760633308880733,1.6851250200941155,0.0,-118333370.61980788,True,True,False
metadata_qualt5_ATTFUS_ck5,test-2019_test-2020,0.3,30.0,SPLADE,R@100,97,0.4689618970534333,0.4153494394571171,-0.05361245759631618,-0.05,-0.023448094852671665,1000000.0,-0.07513621319614436,-0.032088701996488,0.9967463348141757,0.9967463348141757,-2.7818466222476106,0.0,-92222958.43048652,False,False,False
metadata_qualt5_ATTFUS_ck5,test-2019_test-2020,0.3,30.0,TAS-B,RR@10,97,0.9354933726067747,0.9421944035346097,0.006701030927835052,-0.05,-0.04677466863033874,1000000.0,-0.004901365191691161,0.018303427047361265,5.013942752915165e-15,5.013942752915165e-15,9.148836462537169,0.0,-171083996.59695762,True,True,True
metadata_qualt5_ATTFUS_ck5,test-2019_test-2020,0.3,30.0,TAS-B,nDCG@10,97,0.697936757957595,0.6756659504204787,-0.022270807537116497,-0.05,-0.03489683789787975,1000000.0,-0.03934772681355815,-0.0051938882606748435,0.07273774155820788,0.07273774155820788,1.4676225715726217,0.0,-116237848.50213544,False,True,False
metadata_qualt5_ATTFUS_ck5,test-2019_test-2020,0.3,30.0,TAS-B,R@100,97,0.553444309695361,0.4859842189446482,-0.06746009075071277,-0.05,-0.02767221548476805,1000000.0,-0.08935388091048733,-0.045566300590938205,0.9997533208382885,0.9997533208382885,-3.607338319025277,0.0,-90664267.399678,False,False,False
metadata_qualt5_ATTFUS_ck5,test-2019_test-2020,0.45,45.0,BM25,RR@10,97,0.7986786123384061,0.7938430698739976,-0.004835542464408438,-0.05,-0.039933930616920306,1000000.0,-0.06560503309788406,0.055933948169067174,0.12722734558248472,0.12722734558248472,1.1464593353755013,0.0,-32664159.27528017,False,True,False
metadata_qualt5_ATTFUS_ck5,test-2019_test-2020,0.45,45.0,BM25,nDCG@10,97,0.4873823836823968,0.477645627600737,-0.009736756081659751,-0.05,-0.02436911918411984,1000000.0,-0.04276174132337393,0.023288229160054432,0.19066702294729065,0.19066702294729065,0.8794859705893698,0.0,-60105532.71500249,False,True,False
metadata_qualt5_ATTFUS_ck5,test-2019_test-2020,0.45,45.0,BM25,R@100,97,0.4769567428702133,0.3958546894566455,-0.0811020534135678,-0.05,-0.023847837143510665,1000000.0,-0.11089577918224966,-0.05130832764488594,0.9998793388027761,0.9998793388027761,-3.8145185985611443,0.0,-66624244.57849677,False,False,False
metadata_qualt5_ATTFUS_ck5,test-2019_test-2020,0.45,45.0,SPLADE,RR@10,97,0.8618106692848961,0.8671207658321062,0.005310096547209949,-0.05,-0.04309053346424481,1000000.0,-0.019788009162638377,0.030408202257058273,0.00011509105867680177,0.00011509105867680177,3.827957868679152,0.0,-79089008.70601025,True,True,True
metadata_qualt5_ATTFUS_ck5,test-2019_test-2020,0.45,45.0,SPLADE,nDCG@10,97,0.5903063303445052,0.5663547252664968,-0.023951605078008382,-0.05,-0.029515316517225262,1000000.0,-0.04413706750323672,-0.0037661426527800454,0.29278279413731073,0.29278279413731073,0.5471204814673074,0.0,-98337324.02353545,False,True,False
metadata_qualt5_ATTFUS_ck5,test-2019_test-2020,0.45,45.0,SPLADE,R@100,97,0.4689618970534333,0.37631650908149217,-0.09264538797194113,-0.05,-0.023448094852671665,1000000.0,-0.11899250348415594,-0.06629827245972633,0.9999994683000084,0.9999994683000084,-5.213304704208841,0.0,-75339727.20886277,False,False,False
metadata_qualt5_ATTFUS_ck5,test-2019_test-2020,0.45,45.0,TAS-B,RR@10,97,0.9354933726067747,0.9378988708885617,0.0024054982817869413,-0.05,-0.04677466863033874,1000000.0,-0.01080132230461088,0.015612318868184764,2.6884587517341425e-11,2.6884587517341425e-11,7.391776023639679,0.0,-150299937.35210943,True,True,True
metadata_qualt5_ATTFUS_ck5,test-2019_test-2020,0.45,45.0,TAS-B,nDCG@10,97,0.697936757957595,0.6573965506610457,-0.04054020729654954,-0.05,-0.03489683789787975,1000000.0,-0.06154104076692128,-0.01953937382617779,0.7025077899965846,0.7025077899965846,-0.5334073876800022,0.0,-94519314.90257926,False,False,False
metadata_qualt5_ATTFUS_ck5,test-2019_test-2020,0.45,45.0,TAS-B,R@100,97,0.553444309695361,0.43308298991874106,-0.12036131977661993,-0.05,-0.02767221548476805,1000000.0,-0.1467952586788347,-0.09392738087440516,0.9999999997906835,0.9999999997906835,-6.960234664602825,0.0,-75092272.77059485,False,False,False
metadata_qualt5_ATTFUS_ck5,test-2019_test-2020,0.6,60.0,BM25,RR@10,97,0.7986786123384061,0.7808419243986255,-0.01783668793978072,-0.05,-0.039933930616920306,1000000.0,-0.08743091780474525,0.05175754192518382,0.26500990959296805,0.26500990959296805,0.6302631716354019,0.0,-28522254.658009432,False,True,False
metadata_qualt5_ATTFUS_ck5,test-2019_test-2020,0.6,60.0,BM25,nDCG@10,97,0.4873823836823968,0.4577304031407517,-0.029651980541645043,-0.05,-0.02436911918411984,1000000.0,-0.06769267894271674,0.008388717859426666,0.6083001294265551,0.6083001294265551,-0.2756625760158377,0.0,-52180544.88541704,False,False,False
metadata_qualt5_ATTFUS_ck5,test-2019_test-2020,0.6,60.0,BM25,R@100,97,0.4769567428702133,0.3441207812669643,-0.132835961603249,-0.05,-0.023847837143510665,1000000.0,-0.1684337488303126,-0.09723817437618544,0.9999999876865182,0.9999999876865182,-6.077336094399042,0.0,-55761459.62519866,False,False,False
metadata_qualt5_ATTFUS_ck5,test-2019_test-2020,0.6,60.0,SPLADE,RR@10,97,0.8618106692848961,0.8334192439862542,-0.028391425298641793,-0.05,-0.04309053346424481,1000000.0,-0.0727454879390134,0.015962637341729816,0.2561103764107091,0.2561103764107091,0.6578314897283333,0.0,-44753157.8782773,False,True,False
metadata_qualt5_ATTFUS_ck5,test-2019_test-2020,0.6,60.0,SPLADE,nDCG@10,97,0.5903063303445052,0.5335436083130276,-0.05676272203147754,-0.05,-0.029515316517225262,1000000.0,-0.08851107860322703,-0.025014365459728044,0.9541520408879428,0.9541520408879428,-1.7035739268419754,0.0,-62522430.71915166,False,False,False
metadata_qualt5_ATTFUS_ck5,test-2019_test-2020,0.6,60.0,SPLADE,R@100,97,0.4689618970534333,0.31848350654803304,-0.15047839050540013,-0.05,-0.023448094852671665,1000000.0,-0.18348613873780745,-0.11747064227299281,0.9999999999918242,0.9999999999918242,-7.63921071453904,0.0,-60136928.94928793,False,False,False
metadata_qualt5_ATTFUS_ck5,test-2019_test-2020,0.6,60.0,TAS-B,RR@10,97,0.9354933726067747,0.9286205203730977,-0.0068728522336769775,-0.05,-0.04677466863033874,1000000.0,-0.03657407358229769,0.022828369114943736,0.004494928758921574,0.004494928758921574,2.666707830607205,0.0,-66831740.75148605,True,True,True
metadata_qualt5_ATTFUS_ck5,test-2019_test-2020,0.6,60.0,TAS-B,nDCG@10,97,0.697936757957595,0.6177782342345906,-0.08015852372300455,-0.05,-0.03489683789787975,1000000.0,-0.11071597771772819,-0.04960106972828092,0.9979449533488934,0.9979449533488934,-2.940157785783853,0.0,-64959092.17394807,False,False,False
metadata_qualt5_ATTFUS_ck5,test-2019_test-2020,0.6,60.0,TAS-B,R@100,97,0.553444309695361,0.36566818789563377,-0.18777612179972727,-0.05,-0.02767221548476805,1000000.0,-0.2206049430038251,-0.15494730059562944,0.9999999999999997,0.9999999999999997,-9.68063215776863,0.0,-60464695.6990311,False,False,False
metadata_qualt5_CONCAT-V2-FA-ck1,test-2019_test-2020,0.15,15.0,BM25,RR@10,97,0.7986786123384061,0.8113770250368187,0.012698412698412698,-0.05,-0.039933930616920306,1000000.0,-0.04136214319552052,0.06675896859234592,0.028119978089952754,0.028119978089952754,1.9325434974259077,0.0,-36717792.732642375,True,True,False
metadata_qualt5_CONCAT-V2-FA-ck1,test-2019_test-2020,0.15,15.0,BM25,nDCG@10,97,0.4873823836823968,0.5038975321939496,0.016515148511552863,-0.05,-0.02436911918411984,1000000.0,-0.007873972932591358,0.040904269955697084,0.000621615236158612,0.000621615236158612,3.3274929623932716,0.0,-81388100.97340748,True,True,True
metadata_qualt5_CONCAT-V2-FA-ck1,test-2019_test-2020,0.15,15.0,BM25,R@100,97,0.4769567428702133,0.4632351789195793,-0.01372156395063402,-0.05,-0.023847837143510665,1000000.0,-0.02941686411371147,0.0019737362124434294,0.10169760454883238,0.10169760454883238,1.2806695770892513,0.0,-126469982.61541387,False,True,False
metadata_qualt5_CONCAT-V2-FA-ck1,test-2019_test-2020,0.15,15.0,SPLADE,RR@10,97,0.8618106692848961,0.8533055146457208,-0.008505154639175259,-0.05,-0.04309053346424481,1000000.0,-0.024263670834960917,0.0072533615566104,1.656049263088317e-05,1.656049263088317e-05,4.356465642017729,0.0,-125962641.6441712,True,True,True
metadata_qualt5_CONCAT-V2-FA-ck1,test-2019_test-2020,0.15,15.0,SPLADE,nDCG@10,97,0.5903063303445052,0.5805667273280677,-0.009739603016437497,-0.05,-0.029515316517225262,1000000.0,-0.020360265953258114,0.0008810599203831222,0.0001821868580754453,0.0001821868580754453,3.696048098118724,0.0,-186898345.4867271,True,True,True
metadata_qualt5_CONCAT-V2-FA-ck1,test-2019_test-2020,0.15,15.0,SPLADE,R@100,97,0.4689618970534333,0.45177428719104323,-0.017187609862390034,-0.05,-0.023448094852671665,1000000.0,-0.02659215808860299,-0.007783061636177079,0.0947579711835964,0.0947579711835964,1.3213781448477484,0.0,-211066422.10792005,False,True,False
metadata_qualt5_CONCAT-V2-FA-ck1,test-2019_test-2020,0.15,15.0,TAS-B,RR@10,97,0.9354933726067747,0.9396170839469808,0.004123711340206186,-0.05,-0.04677466863033874,1000000.0,-0.006331679236566049,0.01457910191697842,3.9356384821734694e-16,3.9356384821734694e-16,9.663195744052903,0.0,-189852716.5264749,True,True,True
metadata_qualt5_CONCAT-V2-FA-ck1,test-2019_test-2020,0.15,15.0,TAS-B,nDCG@10,97,0.697936757957595,0.6953445153513883,-0.0025922426062069295,-0.05,-0.03489683789787975,1000000.0,-0.013729653342748522,0.008545168130334662,5.111363971413827e-08,5.111363971413827e-08,5.757542427158547,0.0,-178226731.83488598,True,True,True
metadata_qualt5_CONCAT-V2-FA-ck1,test-2019_test-2020,0.15,15.0,TAS-B,R@100,97,0.553444309695361,0.5302146238719239,-0.023229685823437034,-0.05,-0.02767221548476805,1000000.0,-0.03269747895112535,-0.013761892695748722,0.1769902228214303,0.1769902228214303,0.9314051925642779,0.0,-209656498.7078716,False,True,False
metadata_qualt5_CONCAT-V2-FA-ck1,test-2019_test-2020,0.3,30.0,BM25,RR@10,97,0.7986786123384061,0.7981222385861562,-0.0005563737522500367,-0.05,-0.039933930616920306,1000000.0,-0.06376057881342209,0.06264783130892201,0.10961007513274224,0.10961007513274224,1.2366872192623948,0.0,-31405890.014979992,False,True,False
metadata_qualt5_CONCAT-V2-FA-ck1,test-2019_test-2020,0.3,30.0,BM25,nDCG@10,97,0.4873823836823968,0.4955309606289416,0.008148576946544849,-0.05,-0.02436911918411984,1000000.0,-0.022175766566948203,0.0384729204600379,0.017925446077683437,0.017925446077683437,2.1285577588112186,0.0,-65458442.47124382,True,True,True
metadata_qualt5_CONCAT-V2-FA-ck1,test-2019_test-2020,0.3,30.0,BM25,R@100,97,0.4769567428702133,0.43889598228374255,-0.03806076058647083,-0.05,-0.023847837143510665,1000000.0,-0.060009999544770654,-0.016111521628171,0.899118698263881,0.899118698263881,-1.2853488956435624,0.0,-90435226.06192385,False,False,False
metadata_qualt5_CONCAT-V2-FA-ck1,test-2019_test-2020,0.3,30.0,SPLADE,RR@10,97,0.8618106692848961,0.8627556864670267,0.0009450171821305808,-0.05,-0.04309053346424481,1000000.0,-0.023902234773939997,0.02579226913820116,0.0003332255722420182,0.0003332255722420182,3.5178891145477005,0.0,-79887478.6300145,True,True,True
metadata_qualt5_CONCAT-V2-FA-ck1,test-2019_test-2020,0.3,30.0,SPLADE,nDCG@10,97,0.5903063303445052,0.577639686444579,-0.012666643899926238,-0.05,-0.029515316517225262,1000000.0,-0.02788968976448298,0.0025564019646305055,0.015214993023045149,0.015214993023045149,2.1969552685463607,0.0,-130393375.5659026,True,True,True
metadata_qualt5_CONCAT-V2-FA-ck1,test-2019_test-2020,0.3,30.0,SPLADE,R@100,97,0.4689618970534333,0.4204780148161086,-0.04848388223732455,-0.05,-0.023448094852671665,1000000.0,-0.06762394244192199,-0.029343822032727097,0.9945500820454077,0.9945500820454077,-2.5964205260663324,0.0,-103708368.02770191,False,False,False
metadata_qualt5_CONCAT-V2-FA-ck1,test-2019_test-2020,0.3,30.0,TAS-B,RR@10,97,0.9354933726067747,0.9396170839469808,0.004123711340206186,-0.05,-0.04677466863033874,1000000.0,-0.006331679236566049,0.01457910191697842,3.9356384821734694e-16,3.9356384821734694e-16,9.663195744052903,0.0,-189852716.5264749,True,True,True
metadata_qualt5_CONCAT-V2-FA-ck1,test-2019_test-2020,0.3,30.0,TAS-B,nDCG@10,97,0.697936757957595,0.6768625625932121,-0.021074195364383163,-0.05,-0.03489683789787975,1000000.0,-0.0386875372762267,-0.00346085345253962,0.06128793820027352,0.06128793820027352,1.5577809543595156,0.0,-112697769.86661597,False,True,False
metadata_qualt5_CONCAT-V2-FA-ck1,test-2019_test-2020,0.3,30.0,TAS-B,R@100,97,0.553444309695361,0.49140869296717093,-0.06203561672818999,-0.05,-0.02767221548476805,1000000.0,-0.08233921885050036,-0.041732014605879615,0.9994394183788186,0.9994394183788186,-3.359542407703379,0.0,-97765136.58576708,False,False,False
metadata_qualt5_CONCAT-V2-FA-ck1,test-2019_test-2020,0.45,45.0,BM25,RR@10,97,0.7986786123384061,0.8092047128129602,0.010526100474554087,-0.05,-0.039933930616920306,1000000.0,-0.05300061147553692,0.07405281242464509,0.05907751993087689,0.05907751993087689,1.5766969043610415,0.0,-31246450.976344448,False,True,False
metadata_qualt5_CONCAT-V2-FA-ck1,test-2019_test-2020,0.45,45.0,BM25,nDCG@10,97,0.4873823836823968,0.4823279274641096,-0.005054456218287137,-0.05,-0.02436911918411984,1000000.0,-0.03950985978850506,0.029400947351930787,0.1343031032293761,0.1343031032293761,1.1127225049491587,0.0,-57610247.33083629,False,True,False
metadata_qualt5_CONCAT-V2-FA-ck1,test-2019_test-2020,0.45,45.0,BM25,R@100,97,0.4769567428702133,0.3909624890639387,-0.0859942538062747,-0.05,-0.023847837143510665,1000000.0,-0.11806127875607701,-0.0539272288564724,0.9998923573004506,0.9998923573004506,-3.846931927316725,0.0,-61901111.35459419,False,False,False
metadata_qualt5_CONCAT-V2-FA-ck1,test-2019_test-2020,0.45,45.0,SPLADE,RR@10,97,0.8618106692848961,0.8589469808541973,-0.002863688430698741,-0.05,-0.04309053346424481,1000000.0,-0.02738709266528778,0.0216597158038903,0.000780774458659982,0.000780774458659982,3.2560592130742774,0.0,-80942445.76434755,True,True,True
metadata_qualt5_CONCAT-V2-FA-ck1,test-2019_test-2020,0.45,45.0,SPLADE,nDCG@10,97,0.5903063303445052,0.5639976012271302,-0.026308729117375012,-0.05,-0.029515316517225262,1000000.0,-0.04715339601319599,-0.005464062221554031,0.3803784018999076,0.3803784018999076,0.3053551162063367,0.0,-95227444.6828119,False,True,False
metadata_qualt5_CONCAT-V2-FA-ck1,test-2019_test-2020,0.45,45.0,SPLADE,R@100,97,0.4689618970534333,0.373001603599478,-0.09596029345395517,-0.05,-0.023448094852671665,1000000.0,-0.12360772873694091,-0.06831285817096942,0.9999994519900873,0.9999994519900873,-5.206109541261762,0.0,-71796334.15155351,False,False,False
metadata_qualt5_CONCAT-V2-FA-ck1,test-2019_test-2020,0.45,45.0,TAS-B,RR@10,97,0.9354933726067747,0.9473490427098674,0.011855670103092783,-0.05,-0.04677466863033874,1000000.0,-0.0035219607581079265,0.027233300964293494,1.1518030982456015e-11,1.1518030982456015e-11,7.568155564148052,0.0,-129082581.44016264,True,True,True
metadata_qualt5_CONCAT-V2-FA-ck1,test-2019_test-2020,0.45,45.0,TAS-B,nDCG@10,97,0.697936757957595,0.6565124773653148,-0.041424280592280295,-0.05,-0.03489683789787975,1000000.0,-0.06290629026218711,-0.019942270922373474,0.7260843302578126,0.7260843302578126,-0.6031498701424366,0.0,-92402173.9240831,False,False,False
metadata_qualt5_CONCAT-V2-FA-ck1,test-2019_test-2020,0.45,45.0,TAS-B,R@100,97,0.553444309695361,0.4286857837946192,-0.12475852590074184,-0.05,-0.02767221548476805,1000000.0,-0.15244422379347142,-0.09707282800801226,0.9999999997912479,0.9999999997912479,-6.9608071209484095,0.0,-71697111.15340902,False,False,False
metadata_qualt5_CONCAT-V2-FA-ck1,test-2019_test-2020,0.6,60.0,BM25,RR@10,97,0.7986786123384061,0.8124856815578464,0.013807069219440355,-0.05,-0.039933930616920306,1000000.0,-0.05578949913847878,0.0834036375773595,0.0643116305110007,0.0643116305110007,1.532762951939839,0.0,-28521295.38795483,False,True,False
metadata_qualt5_CONCAT-V2-FA-ck1,test-2019_test-2020,0.6,60.0,BM25,nDCG@10,97,0.4873823836823968,0.4685520450429626,-0.018830338639434112,-0.05,-0.02436911918411984,1000000.0,-0.05575599000173117,0.018095312722862945,0.3832709628412663,0.3832709628412663,0.2977440364786693,0.0,-53756244.66128479,False,True,False
metadata_qualt5_CONCAT-V2-FA-ck1,test-2019_test-2020,0.6,60.0,BM25,R@100,97,0.4769567428702133,0.3392104723855037,-0.13774627048470964,-0.05,-0.023847837143510665,1000000.0,-0.17781105899016358,-0.0976814819792557,0.9999999155890665,0.9999999155890665,-5.643025003350878,0.0,-49544366.98661201,False,False,False
metadata_qualt5_CONCAT-V2-FA-ck1,test-2019_test-2020,0.6,60.0,SPLADE,RR@10,97,0.8618106692848961,0.8294223531336932,-0.03238831615120276,-0.05,-0.04309053346424481,1000000.0,-0.08020697023896987,0.015430337936564356,0.328928611150885,0.328928611150885,0.444256198135419,0.0,-41510670.12839897,False,True,False
metadata_qualt5_CONCAT-V2-FA-ck1,test-2019_test-2020,0.6,60.0,SPLADE,nDCG@10,97,0.5903063303445052,0.5216666717847654,-0.06863965855973982,-0.05,-0.029515316517225262,1000000.0,-0.10307214279660937,-0.03420717432287026,0.9868125451045648,0.9868125451045648,-2.25546331827568,0.0,-57648598.170392394,False,False,False
metadata_qualt5_CONCAT-V2-FA-ck1,test-2019_test-2020,0.6,60.0,SPLADE,R@100,97,0.4689618970534333,0.31454706985264536,-0.1544148272007878,-0.05,-0.023448094852671665,1000000.0,-0.19098573453760664,-0.11784391986396896,0.9999999998962318,0.9999999998962318,-7.108571484136053,0.0,-54277696.7429404,False,False,False
metadata_qualt5_CONCAT-V2-FA-ck1,test-2019_test-2020,0.6,60.0,TAS-B,RR@10,97,0.9354933726067747,0.9122974963181147,-0.023195876288659795,-0.05,-0.04677466863033874,1000000.0,-0.06045159888073346,0.014059846303413871,0.1060319381893395,0.1060319381893395,1.2562776837145038,0.0,-53279985.448377356,False,True,False
metadata_qualt5_CONCAT-V2-FA-ck1,test-2019_test-2020,0.6,60.0,TAS-B,nDCG@10,97,0.697936757957595,0.6055607830072195,-0.09237597495037572,-0.05,-0.03489683789787975,1000000.0,-0.12729221028289517,-0.05745973961785628,0.9992474880082141,0.9992474880082141,-3.26768290461379,0.0,-56849900.22527292,False,False,False
metadata_qualt5_CONCAT-V2-FA-ck1,test-2019_test-2020,0.6,60.0,TAS-B,R@100,97,0.553444309695361,0.35676860122248005,-0.19667570847288088,-0.05,-0.02767221548476805,1000000.0,-0.23375828383722713,-0.15959313310853462,0.9999999999999917,0.9999999999999917,-9.046547573335207,0.0,-53528771.462774836,False,False,False
metadata_qualt5_CONCAT,test-2019_test-2020,0.15,15.0,BM25,RR@10,97,0.7986786123384061,0.8077605956471936,0.009081983308787435,-0.05,-0.039933930616920306,1000000.0,-0.045652542536644115,0.06381650915421899,0.039318528621773305,0.039318528621773305,1.7775950125638198,0.0,-36265670.7597861,True,True,False
metadata_qualt5_CONCAT,test-2019_test-2020,0.15,15.0,BM25,nDCG@10,97,0.4873823836823968,0.5011157823513975,0.01373339866900093,-0.05,-0.02436911918411984,1000000.0,-0.011095577746154632,0.03856237508415649,0.0014963533562002008,0.0014963533562002008,3.0461545777662056,0.0,-79946279.34234159,True,True,True
metadata_qualt5_CONCAT,test-2019_test-2020,0.15,15.0,BM25,R@100,97,0.4769567428702133,0.4601251459546861,-0.016831596915527196,-0.05,-0.023847837143510665,1000000.0,-0.032899163016344324,-0.0007640308147100691,0.19411054475839684,0.19411054475839684,0.8667850930933296,0.0,-123539827.53122307,False,True,False
metadata_qualt5_CONCAT,test-2019_test-2020,0.15,15.0,SPLADE,RR@10,97,0.8618106692848961,0.8584601538209785,-0.0033505154639175277,-0.05,-0.04309053346424481,1000000.0,-0.015394485011972972,0.008693454084137917,1.4258040647179434e-09,1.4258040647179434e-09,6.549610737212967,0.0,-164811469.36329016,True,True,True
metadata_qualt5_CONCAT,test-2019_test-2020,0.15,15.0,SPLADE,nDCG@10,97,0.5903063303445052,0.5844754073693023,-0.005830922975202837,-0.05,-0.029515316517225262,1000000.0,-0.015650370147007826,0.0039885241966021515,3.0586761145937646e-06,3.0586761145937646e-06,4.787759309305313,0.0,-202148276.6163131,True,True,True
metadata_qualt5_CONCAT,test-2019_test-2020,0.15,15.0,SPLADE,R@100,97,0.4689618970534333,0.4483838750476525,-0.020578022005780735,-0.05,-0.023448094852671665,1000000.0,-0.03264709340548817,-0.008508950606073299,0.31898575398472745,0.31898575398472745,0.47203710918205,0.0,-164468689.1508643,False,True,False
metadata_qualt5_CONCAT,test-2019_test-2020,0.15,15.0,TAS-B,RR@10,97,0.9354933726067747,0.9396170839469808,0.004123711340206186,-0.05,-0.04677466863033874,1000000.0,-0.006331679236566049,0.01457910191697842,3.9356384821734694e-16,3.9356384821734694e-16,9.663195744052903,0.0,-189852716.5264749,True,True,True
metadata_qualt5_CONCAT,test-2019_test-2020,0.15,15.0,TAS-B,nDCG@10,97,0.697936757957595,0.6952674598940813,-0.0026692980635138236,-0.05,-0.03489683789787975,1000000.0,-0.012860302390010308,0.007521706262982661,4.980487012774662e-09,4.980487012774662e-09,6.277218507712051,0.0,-194778085.9702511,True,True,True
metadata_qualt5_CONCAT,test-2019_test-2020,0.15,15.0,TAS-B,R@100,97,0.553444309695361,0.5253312046062732,-0.028113105089087684,-0.05,-0.02767221548476805,1000000.0,-0.03998453186859369,-0.016241678309581682,0.5293066255232742,0.5293066255232742,-0.07371977808113245,0.0,-167206891.3200752,False,False,False
metadata_qualt5_CONCAT,test-2019_test-2020,0.3,30.0,BM25,RR@10,97,0.7986786123384061,0.8086769759450172,0.009998363606611032,-0.05,-0.039933930616920306,1000000.0,-0.051330645447277834,0.0713273726604999,0.05467542085562258,0.05467542085562258,1.6161164545373607,0.0,-32366156.282424975,False,True,False
metadata_qualt5_CONCAT,test-2019_test-2020,0.3,30.0,BM25,nDCG@10,97,0.4873823836823968,0.4942041072410183,0.006821723558621603,-0.05,-0.02436911918411984,1000000.0,-0.0235224802498023,0.037165927367045506,0.02202994649695781,0.02202994649695781,2.040367705762147,0.0,-65415599.978238665,True,True,True
metadata_qualt5_CONCAT,test-2019_test-2020,0.3,30.0,BM25,R@100,97,0.4769567428702133,0.43341929560149417,-0.04353744726871917,-0.05,-0.023847837143510665,1000000.0,-0.066218374009518,-0.02085652052792035,0.9559632231655418,0.9559632231655418,-1.7231909280142872,0.0,-87517781.81892125,False,False,False
metadata_qualt5_CONCAT,test-2019_test-2020,0.3,30.0,SPLADE,RR@10,97,0.8618106692848961,0.8679103256422844,0.006099656357388315,-0.05,-0.04309053346424481,1000000.0,-0.010484760207508027,0.022684072922284658,2.8767165620165825e-08,2.8767165620165825e-08,5.887560451408912,0.0,-119689727.50146928,True,True,True
metadata_qualt5_CONCAT,test-2019_test-2020,0.3,30.0,SPLADE,nDCG@10,97,0.5903063303445052,0.5744519310216225,-0.015854399322882698,-0.05,-0.029515316517225262,1000000.0,-0.0315954553770226,-0.0001133432687427903,0.04408375010893596,0.04408375010893596,1.7226738929477736,0.0,-126102361.63155644,True,True,False
metadata_qualt5_CONCAT,test-2019_test-2020,0.3,30.0,SPLADE,R@100,97,0.4689618970534333,0.41625263598219553,-0.05270926107123763,-0.05,-0.023448094852671665,1000000.0,-0.0722038050961688,-0.033214717046306456,0.9981713266161124,0.9981713266161124,-2.9794467522130166,0.0,-101822561.92396797,False,False,False
metadata_qualt5_CONCAT,test-2019_test-2020,0.3,30.0,TAS-B,RR@10,97,0.9354933726067747,0.9396170839469808,0.004123711340206186,-0.05,-0.04677466863033874,1000000.0,-0.006331679236566049,0.01457910191697842,3.9356384821734694e-16,3.9356384821734694e-16,9.663195744052903,0.0,-189852716.5264749,True,True,True
metadata_qualt5_CONCAT,test-2019_test-2020,0.3,30.0,TAS-B,nDCG@10,97,0.697936757957595,0.6757949144549205,-0.022141843502674566,-0.05,-0.03489683789787975,1000000.0,-0.038078112691312074,-0.006205574314037062,0.057704518995007684,0.057704518995007684,1.5887321849583413,0.0,-124557657.25252156,False,True,False
metadata_qualt5_CONCAT,test-2019_test-2020,0.3,30.0,TAS-B,R@100,97,0.553444309695361,0.4855796169301493,-0.06786469276521168,-0.05,-0.02767221548476805,1000000.0,-0.08762992980895272,-0.04809945572147063,0.9999454432128655,0.9999454432128655,-4.0364523160885355,0.0,-100428061.74540383,False,False,False
metadata_qualt5_CONCAT,test-2019_test-2020,0.45,45.0,BM25,RR@10,97,0.7986786123384061,0.8051832760595646,0.006504663721158571,-0.05,-0.039933930616920306,1000000.0,-0.0542255422076243,0.06723486964994144,0.06616817712283979,0.06616817712283979,1.517858861185771,0.0,-32685288.45344465,False,True,False
metadata_qualt5_CONCAT,test-2019_test-2020,0.45,45.0,BM25,nDCG@10,97,0.4873823836823968,0.4803786526726963,-0.007003731009700353,-0.05,-0.02436911918411984,1000000.0,-0.0409346096168017,0.026927147597400992,0.1561177594125296,0.1561177594125296,1.01588949372666,0.0,-58500823.053190246,False,True,False
metadata_qualt5_CONCAT,test-2019_test-2020,0.45,45.0,BM25,R@100,97,0.4769567428702133,0.39243624812461897,-0.08452049474559438,-0.05,-0.023847837143510665,1000000.0,-0.11517955439466167,-0.05386143509652709,0.9999193612554851,0.9999193612554851,-3.928178974096263,0.0,-64743814.78178381,False,False,False
metadata_qualt5_CONCAT,test-2019_test-2020,0.45,45.0,SPLADE,RR@10,97,0.8618106692848961,0.86062019309442,-0.0011904761904761954,-0.05,-0.04309053346424481,1000000.0,-0.02551313327775837,0.023132180896805975,0.00046124403562821856,0.00046124403562821856,3.419484805554827,0.0,-81610504.4268376,True,True,True
metadata_qualt5_CONCAT,test-2019_test-2020,0.45,45.0,SPLADE,nDCG@10,97,0.5903063303445052,0.5639732125218387,-0.026333117822666507,-0.05,-0.029515316517225262,1000000.0,-0.0484624571723295,-0.004203778473003513,0.3879607339243055,0.3879607339243055,0.28544071673652605,0.0,-89699214.8042627,False,True,False
metadata_qualt5_CONCAT,test-2019_test-2020,0.45,45.0,SPLADE,R@100,97,0.4689618970534333,0.3752224327828988,-0.09373946427053438,-0.05,-0.023448094852671665,1000000.0,-0.12108006200720345,-0.06639886653386531,0.9999991580499531,0.9999991580499531,-5.10329974766263,0.0,-72602088.53956889,False,False,False
metadata_qualt5_CONCAT,test-2019_test-2020,0.45,45.0,TAS-B,RR@10,97,0.9354933726067747,0.9447717231222386,0.009278350515463918,-0.05,-0.04677466863033874,1000000.0,-0.0070051562285603445,0.02556185725948818,3.8088427314672324e-10,3.8088427314672324e-10,6.83294853912214,0.0,-121901524.30416071,True,True,True
metadata_qualt5_CONCAT,test-2019_test-2020,0.45,45.0,TAS-B,nDCG@10,97,0.697936757957595,0.657502449550879,-0.04043430840671616,-0.05,-0.03489683789787975,1000000.0,-0.06278952428443227,-0.01807909252900005,0.6879688633498332,0.6879688633498332,-0.4916880313628585,0.0,-88792897.48980403,False,False,False
metadata_qualt5_CONCAT,test-2019_test-2020,0.45,45.0,TAS-B,R@100,97,0.553444309695361,0.4290581741678834,-0.12438613552747754,-0.05,-0.02767221548476805,1000000.0,-0.1517573425403649,-0.09701492851459019,0.9999999998374403,0.9999999998374403,-7.013779622544762,0.0,-72520899.69948868,False,False,False
metadata_qualt5_CONCAT,test-2019_test-2020,0.6,60.0,BM25,RR@10,97,0.7986786123384061,0.8108247422680411,0.012146129929635086,-0.05,-0.039933930616920306,1000000.0,-0.05006371975938524,0.07435597961865542,0.04991115941860762,0.04991115941860762,1.6617642325977784,0.0,-31907877.88981716,True,True,False
metadata_qualt5_CONCAT,test-2019_test-2020,0.6,60.0,BM25,nDCG@10,97,0.4873823836823968,0.45571059330632124,-0.03167179037607552,-0.05,-0.02436911918411984,1000000.0,-0.06883430666431277,0.005490725912161723,0.6513226211219898,0.6513226211219898,-0.39006206242524427,0.0,-53413615.99422471,False,False,False
metadata_qualt5_CONCAT,test-2019_test-2020,0.6,60.0,BM25,R@100,97,0.4769567428702133,0.336301569409601,-0.14065517346061238,-0.05,-0.023847837143510665,1000000.0,-0.17777187705340644,-0.10353846986781831,0.9999999942799016,0.9999999942799016,-6.246802857411838,0.0,-53479549.59865295,False,False,False
metadata_qualt5_CONCAT,test-2019_test-2020,0.6,60.0,SPLADE,RR@10,97,0.8618106692848961,0.831786941580756,-0.030023727704140083,-0.05,-0.04309053346424481,1000000.0,-0.0739924767529753,0.013945021344695132,0.2783199896214128,0.2783199896214128,0.5899054441331244,0.0,-45145345.593593396,False,True,False
metadata_qualt5_CONCAT,test-2019_test-2020,0.6,60.0,SPLADE,nDCG@10,97,0.5903063303445052,0.5245070244838617,-0.06579930586064354,-0.05,-0.029515316517225262,1000000.0,-0.09861399274442462,-0.03298461897686248,0.9847070498754724,0.9847070498754724,-2.1948449443240614,0.0,-60490732.3715072,False,False,False
metadata_qualt5_CONCAT,test-2019_test-2020,0.6,60.0,SPLADE,R@100,97,0.4689618970534333,0.3125511516525888,-0.15641074540084446,-0.05,-0.023448094852671665,1000000.0,-0.19128516266451512,-0.12153632813717379,0.999999999988472,0.999999999988472,-7.567976644950097,0.0,-56918072.83821453,False,False,False
metadata_qualt5_CONCAT,test-2019_test-2020,0.6,60.0,TAS-B,RR@10,97,0.9354933726067747,0.920274914089347,-0.015218458517427593,-0.05,-0.04677466863033874,1000000.0,-0.04794898659483117,0.017512069559975987,0.029314454253988775,0.029314454253988775,1.9137663119083426,0.0,-60646266.90547681,True,True,False
metadata_qualt5_CONCAT,test-2019_test-2020,0.6,60.0,TAS-B,nDCG@10,97,0.697936757957595,0.6074054775189041,-0.0905312804386912,-0.05,-0.03489683789787975,1000000.0,-0.1225817002405705,-0.05848086063681191,0.9995766577165105,0.9995766577165105,-3.445617758111528,0.0,-61933182.264208555,False,False,False
metadata_qualt5_CONCAT,test-2019_test-2020,0.6,60.0,TAS-B,R@100,97,0.553444309695361,0.3521527340718415,-0.2012915756235195,-0.05,-0.02767221548476805,1000000.0,-0.235328561956112,-0.16725458929092699,1.0,1.0,-10.125212105616688,0.0,-58318462.50121424,False,False,False
metadata_qualt5_MP,test-2019_test-2020,0.15,15.0,BM25,RR@10,97,0.7986786123384061,0.8018327605956471,0.0031541482572410434,-0.05,-0.039933930616920306,1000000.0,-0.05009177489048821,0.056400071404970296,0.05574575901373096,0.05574575901373096,1.6063043989663437,0.0,-37279554.71375343,False,True,False
metadata_qualt5_MP,test-2019_test-2020,0.15,15.0,BM25,nDCG@10,97,0.4873823836823968,0.5025273691559526,0.015144985473555897,-0.05,-0.02436911918411984,1000000.0,-0.009829119590894613,0.040119090538006406,0.0011205359298366898,0.0011205359298366898,3.1406481884842194,0.0,-79481698.1968252,True,True,True
metadata_qualt5_MP,test-2019_test-2020,0.15,15.0,BM25,R@100,97,0.4769567428702133,0.4639480454338793,-0.013008697436334064,-0.05,-0.023847837143510665,1000000.0,-0.02877766105332496,0.0027602661806568323,0.08781235381036133,0.08781235381036133,1.3644220883391296,0.0,-125879188.10430121,False,True,False
metadata_qualt5_MP,test-2019_test-2020,0.15,15.0,SPLADE,RR@10,97,0.8618106692848961,0.8584601538209785,-0.0033505154639175277,-0.05,-0.04309053346424481,1000000.0,-0.015394485011972972,0.008693454084137917,1.4258040647179434e-09,1.4258040647179434e-09,6.549610737212967,0.0,-164811469.36329016,True,True,True
metadata_qualt5_MP,test-2019_test-2020,0.15,15.0,SPLADE,nDCG@10,97,0.5903063303445052,0.584505580527258,-0.005800749817247201,-0.05,-0.029515316517225262,1000000.0,-0.015561488581565294,0.0039599889470708916,2.6573343682164564e-06,2.6573343682164564e-06,4.8226926251008,0.0,-203364148.03988367,True,True,True
metadata_qualt5_MP,test-2019_test-2020,0.15,15.0,SPLADE,R@100,97,0.4689618970534333,0.45028250001554804,-0.018679397037885122,-0.05,-0.023448094852671665,1000000.0,-0.029621094172065817,-0.007737699903704428,0.19456709161817104,0.19456709161817104,0.865111712808557,0.0,-181414667.6029305,False,True,False
metadata_qualt5_MP,test-2019_test-2020,0.15,15.0,TAS-B,RR@10,97,0.9354933726067747,0.9396170839469808,0.004123711340206186,-0.05,-0.04677466863033874,1000000.0,-0.006331679236566049,0.01457910191697842,3.9356384821734694e-16,3.9356384821734694e-16,9.663195744052903,0.0,-189852716.5264749,True,True,True
metadata_qualt5_MP,test-2019_test-2020,0.15,15.0,TAS-B,nDCG@10,97,0.697936757957595,0.6970557769860797,-0.0008809809715154503,-0.05,-0.03489683789787975,1000000.0,-0.01123450583816145,0.009472543895130551,1.6233467179455187e-09,1.6233467179455187e-09,6.52154152443641,0.0,-191720630.3018985,True,True,True
metadata_qualt5_MP,test-2019_test-2020,0.15,15.0,TAS-B,R@100,97,0.553444309695361,0.5305901009223128,-0.022854208773048095,-0.05,-0.02767221548476805,1000000.0,-0.033273768487891264,-0.01243464905820493,0.180496951717934,0.180496951717934,0.9178571837341025,0.0,-190505588.64484054,False,True,False
metadata_qualt5_MP,test-2019_test-2020,0.3,30.0,BM25,RR@10,97,0.7986786123384061,0.8046514482081492,0.00597283586974309,-0.05,-0.039933930616920306,1000000.0,-0.05616823327514343,0.0681139050146296,0.07290253098236824,0.07290253098236824,1.4664088101973576,0.0,-31943195.168510772,False,True,False
metadata_qualt5_MP,test-2019_test-2020,0.3,30.0,BM25,nDCG@10,97,0.4873823836823968,0.4944595686700182,0.007077184987621421,-0.05,-0.02436911918411984,1000000.0,-0.023801271162103968,0.03795564113734681,0.02300653528198579,0.02300653528198579,2.0214877367531185,0.0,-64283793.45968595,True,True,True
metadata_qualt5_MP,test-2019_test-2020,0.3,30.0,BM25,R@100,97,0.4769567428702133,0.43347958821299587,-0.0434771546572175,-0.05,-0.023847837143510665,1000000.0,-0.06645876924747454,-0.020495540066960465,0.9533831821526632,0.9533831821526632,-1.6954373313391002,0.0,-86372712.84994982,False,False,False
metadata_qualt5_MP,test-2019_test-2020,0.3,30.0,SPLADE,RR@10,97,0.8618106692848961,0.857601047291769,-0.004209621993127151,-0.05,-0.04309053346424481,1000000.0,-0.026813015498203082,0.01839377151194878,0.00046891455101395594,0.00046891455101395594,3.414443024710581,0.0,-87817978.280177,True,True,True
metadata_qualt5_MP,test-2019_test-2020,0.3,30.0,SPLADE,nDCG@10,97,0.5903063303445052,0.5718505463027964,-0.018455784041708747,-0.05,-0.029515316517225262,1000000.0,-0.03505223952084562,-0.0018593285625718714,0.09453007050335065,0.09453007050335065,1.3227522276889085,0.0,-119602908.62472117,False,True,False
metadata_qualt5_MP,test-2019_test-2020,0.3,30.0,SPLADE,R@100,97,0.4689618970534333,0.4180190422111113,-0.05094285484232188,-0.05,-0.023448094852671665,1000000.0,-0.07119697233312926,-0.030688737351514506,0.9958399195486941,0.9958399195486941,-2.694596160683714,0.0,-98003994.17810723,False,False,False
metadata_qualt5_MP,test-2019_test-2020,0.3,30.0,TAS-B,RR@10,97,0.9354933726067747,0.9396170839469808,0.004123711340206186,-0.05,-0.04677466863033874,1000000.0,-0.006331679236566049,0.01457910191697842,3.9356384821734694e-16,3.9356384821734694e-16,9.663195744052903,0.0,-189852716.5264749,True,True,True
metadata_qualt5_MP,test-2019_test-2020,0.3,30.0,TAS-B,nDCG@10,97,0.697936757957595,0.674720134095912,-0.02321662386168319,-0.05,-0.03489683789787975,1000000.0,-0.04140942457200093,-0.005023823151365445,0.10279764683697311,0.10279764683697311,1.2744074970285117,0.0,-109108234.03292169,False,True,False
metadata_qualt5_MP,test-2019_test-2020,0.3,30.0,TAS-B,R@100,97,0.553444309695361,0.48735226453099006,-0.06609204516437085,-0.05,-0.02767221548476805,1000000.0,-0.08678716297936048,-0.04539692734938122,0.9998107958331138,0.9998107958331138,-3.685060401563293,0.0,-95915590.35653092,False,False,False
metadata_qualt5_MP,test-2019_test-2020,0.45,45.0,BM25,RR@10,97,0.7986786123384061,0.8041237113402062,0.005445099001800036,-0.05,-0.039933930616920306,1000000.0,-0.05541292644827849,0.06630312445187857,0.07105893692690372,0.07105893692690372,1.4801114758406122,0.0,-32616639.89330138,False,True,False
metadata_qualt5_MP,test-2019_test-2020,0.45,45.0,BM25,nDCG@10,97,0.4873823836823968,0.48319070372625333,-0.004191679956143365,-0.05,-0.02436911918411984,1000000.0,-0.03769894466365493,0.0293155847513682,0.11745326159649584,0.11745326159649584,1.1953199004460997,0.0,-59240416.58364459,False,True,False
metadata_qualt5_MP,test-2019_test-2020,0.45,45.0,BM25,R@100,97,0.4769567428702133,0.3998017083461347,-0.07715503452407874,-0.05,-0.023847837143510665,1000000.0,-0.10700500555339816,-0.04730506349475931,0.9996955025232346,0.9996955025232346,-3.5448594033200815,0.0,-66498706.57270814,False,False,False
metadata_qualt5_MP,test-2019_test-2020,0.45,45.0,SPLADE,RR@10,97,0.8618106692848961,0.8610947471772212,-0.0007159221076746847,-0.05,-0.04309053346424481,1000000.0,-0.02543540369744772,0.024003559482098348,0.000487250763851144,0.000487250763851144,3.40269833105299,0.0,-80300402.16431326,True,True,True
metadata_qualt5_MP,test-2019_test-2020,0.45,45.0,SPLADE,nDCG@10,97,0.5903063303445052,0.560630134561677,-0.029676195782828332,-0.05,-0.029515316517225262,1000000.0,-0.05054022226750075,-0.008812169298155915,0.5060900520717996,0.5060900520717996,-0.015305905526304873,0.0,-95139084.10229701,False,False,False
metadata_qualt5_MP,test-2019_test-2020,0.45,45.0,SPLADE,R@100,97,0.4689618970534333,0.3814494748983486,-0.08751242215508473,-0.05,-0.023448094852671665,1000000.0,-0.11411012496728676,-0.060914719342882694,0.9999968585912657,0.9999968585912657,-4.781115328716993,0.0,-74629921.96195102,False,False,False
metadata_qualt5_MP,test-2019_test-2020,0.45,45.0,TAS-B,RR@10,97,0.9354933726067747,0.9430535100638194,0.0075601374570446744,-0.05,-0.04677466863033874,1000000.0,-0.009116001272297097,0.024236276186386446,2.0824341926708666e-09,2.0824341926708666e-09,6.467548597671883,0.0,-119031409.41323976,True,True,True
metadata_qualt5_MP,test-2019_test-2020,0.45,45.0,TAS-B,nDCG@10,97,0.697936757957595,0.6621518814768699,-0.03578487648072526,-0.05,-0.03489683789787975,1000000.0,-0.056640801178529696,-0.014928951782920821,0.533590493032648,0.533590493032648,-0.08451999518238297,0.0,-95176042.8427516,False,False,False
metadata_qualt5_MP,test-2019_test-2020,0.45,45.0,TAS-B,R@100,97,0.553444309695361,0.43799692357466913,-0.11544738612069187,-0.05,-0.02767221548476805,1000000.0,-0.1422448892046206,-0.08864988303676315,0.9999999982218457,0.9999999982218457,-6.501812355747402,0.0,-74073488.65584137,False,False,False
metadata_qualt5_MP,test-2019_test-2020,0.6,60.0,BM25,RR@10,97,0.7986786123384061,0.809106529209622,0.010427916871215845,-0.05,-0.039933930616920306,1000000.0,-0.056788911731469494,0.07764474547390118,0.07011448738779538,0.07011448738779538,1.4872388245891497,0.0,-29531061.374003384,False,True,False
metadata_qualt5_MP,test-2019_test-2020,0.6,60.0,BM25,nDCG@10,97,0.4873823836823968,0.4683458407145477,-0.019036542967849013,-0.05,-0.02436911918411984,1000000.0,-0.05716475389545934,0.019091667959761312,0.3909512707959513,0.3909512707959513,0.2776180647300162,0.0,-52060778.647257276,False,True,False
metadata_qualt5_MP,test-2019_test-2020,0.6,60.0,BM25,R@100,97,0.4769567428702133,0.34010155973078954,-0.13685518313942382,-0.05,-0.023847837143510665,1000000.0,-0.17561326730403853,-0.09809709897480912,0.9999999552325439,0.9999999552325439,-5.78763924287162,0.0,-51214723.99811385,False,False,False
metadata_qualt5_MP,test-2019_test-2020,0.6,60.0,SPLADE,RR@10,97,0.8618106692848961,0.823294059891998,-0.038516609392898055,-0.05,-0.04309053346424481,1000000.0,-0.08328704066318503,0.006253821877388918,0.4198626811642827,0.4198626811642827,0.20279383660489825,0.0,-44336950.341223724,False,True,False
metadata_qualt5_MP,test-2019_test-2020,0.6,60.0,SPLADE,nDCG@10,97,0.5903063303445052,0.5285883104217745,-0.06171801992273078,-0.05,-0.029515316517225262,1000000.0,-0.0959521976842426,-0.027483842161218963,0.9675371034581178,0.9675371034581178,-1.8671942844405003,0.0,-57982535.69483891,False,False,False
metadata_qualt5_MP,test-2019_test-2020,0.6,60.0,SPLADE,R@100,97,0.4689618970534333,0.3134792914894459,-0.15548260556398733,-0.05,-0.023448094852671665,1000000.0,-0.19267306150907143,-0.11829214961890322,0.9999999998611699,0.9999999998611699,-7.047142221908651,0.0,-53373495.15404179,False,False,False
metadata_qualt5_MP,test-2019_test-2020,0.6,60.0,TAS-B,RR@10,97,0.9354933726067747,0.9174521354933725,-0.018041237113402064,-0.05,-0.04677466863033874,1000000.0,-0.053970769298998106,0.017888295072193975,0.05785248423582961,0.05785248423582961,1.5874242526440518,0.0,-55246595.9503464,False,True,False
metadata_qualt5_MP,test-2019_test-2020,0.6,60.0,TAS-B,nDCG@10,97,0.697936757957595,0.6171552653753851,-0.08078149258221015,-0.05,-0.03489683789787975,1000000.0,-0.1163207845778301,-0.04524220058659021,0.9940315815803243,0.9940315815803243,-2.5628062511667173,0.0,-55853236.24695884,False,False,False
metadata_qualt5_MP,test-2019_test-2020,0.6,60.0,TAS-B,R@100,97,0.553444309695361,0.3588807041288975,-0.1945636055664635,-0.05,-0.02767221548476805,1000000.0,-0.2310369036397838,-0.15809030749314318,0.9999999999999931,0.9999999999999931,-9.082721018971771,0.0,-54422956.04160655,False,False,False
metadata_qualt5_POOLEDCONCAT,test-2019_test-2020,0.15,15.0,BM25,RR@10,97,0.7986786123384061,0.7987808869252168,0.00010227458681066892,-0.05,-0.039933930616920306,1000000.0,-0.054014577934309214,0.05421912710793055,0.07261719035254761,0.07261719035254761,1.4685118501972692,0.0,-36679596.44462574,False,True,False
metadata_qualt5_POOLEDCONCAT,test-2019_test-2020,0.15,15.0,BM25,nDCG@10,97,0.4873823836823968,0.5016682121657143,0.01428582848331757,-0.05,-0.02436911918411984,1000000.0,-0.010344941428707004,0.038916598395342145,0.001212063035677652,0.001212063035677652,3.115187424387289,0.0,-80589615.76368819,True,True,True
metadata_qualt5_POOLEDCONCAT,test-2019_test-2020,0.15,15.0,BM25,R@100,97,0.4769567428702133,0.4652020608007644,-0.011754682069448904,-0.05,-0.023847837143510665,1000000.0,-0.027285988979936344,0.0037766248410385367,0.0627493582039139,0.0627493582039139,1.5455700693619836,0.0,-127805364.11417682,False,True,False
metadata_qualt5_POOLEDCONCAT,test-2019_test-2020,0.15,15.0,SPLADE,RR@10,97,0.8618106692848961,0.8601783668793979,-0.001632302405498283,-0.05,-0.04309053346424481,1000000.0,-0.013193230438387665,0.009928625627391099,9.909550667002558e-11,9.909550667002558e-11,7.118281335315295,0.0,-171697662.0842274,True,True,True
metadata_qualt5_POOLEDCONCAT,test-2019_test-2020,0.15,15.0,SPLADE,nDCG@10,97,0.5903063303445052,0.5828124376829117,-0.007493892661593436,-0.05,-0.029515316517225262,1000000.0,-0.017809814679818504,0.0028220293566316315,2.597536247629902e-05,2.597536247629902e-05,4.237350844042643,0.0,-192419477.66757244,True,True,True
metadata_qualt5_POOLEDCONCAT,test-2019_test-2020,0.15,15.0,SPLADE,R@100,97,0.4689618970534333,0.45242631386182985,-0.01653558319160334,-0.05,-0.023448094852671665,1000000.0,-0.025523010047340394,-0.007548156335866285,0.06506015217899112,0.06506015217899112,1.5267136434870685,0.0,-220862364.30250248,False,True,False
metadata_qualt5_POOLEDCONCAT,test-2019_test-2020,0.15,15.0,TAS-B,RR@10,97,0.9354933726067747,0.9396170839469808,0.004123711340206186,-0.05,-0.04677466863033874,1000000.0,-0.006331679236566049,0.01457910191697842,3.9356384821734694e-16,3.9356384821734694e-16,9.663195744052903,0.0,-189852716.5264749,True,True,True
metadata_qualt5_POOLEDCONCAT,test-2019_test-2020,0.15,15.0,TAS-B,nDCG@10,97,0.697936757957595,0.6942163911064926,-0.0037203668511024235,-0.05,-0.03489683789787975,1000000.0,-0.014834865998050195,0.007394132295845348,1.1700049575494466e-07,1.1700049575494466e-07,5.567934739888718,0.0,-178594131.20392367,True,True,True
metadata_qualt5_POOLEDCONCAT,test-2019_test-2020,0.15,15.0,TAS-B,R@100,97,0.553444309695361,0.5306110127400662,-0.022833296955294662,-0.05,-0.02767221548476805,1000000.0,-0.03182857755921019,-0.013838016351379132,0.14414386522603417,0.14414386522603417,1.0678018606334965,0.0,-220669531.53086928,False,True,False
metadata_qualt5_POOLEDCONCAT,test-2019_test-2020,0.3,30.0,BM25,RR@10,97,0.7986786123384061,0.8034650630011454,0.004786450662739327,-0.05,-0.039933930616920306,1000000.0,-0.05470597240332737,0.06427887372880603,0.06947463189218471,0.06947463189218471,1.492110266667589,0.0,-33365329.561810777,False,True,False
metadata_qualt5_POOLEDCONCAT,test-2019_test-2020,0.3,30.0,BM25,nDCG@10,97,0.4873823836823968,0.49364523930920573,0.006262855626808952,-0.05,-0.02436911918411984,1000000.0,-0.02441384644301593,0.03693955769663383,0.025164162088828018,0.025164162088828018,1.9820901638157769,0.0,-64706574.213265136,True,True,False
metadata_qualt5_POOLEDCONCAT,test-2019_test-2020,0.3,30.0,BM25,R@100,97,0.4769567428702133,0.4330473784997988,-0.04390936437041457,-0.05,-0.023847837143510665,1000000.0,-0.06714313152699503,-0.020675597213834124,0.95511866555871,0.95511866555871,-1.7139629807935808,0.0,-85435322.8778147,False,False,False
metadata_qualt5_POOLEDCONCAT,test-2019_test-2020,0.3,30.0,SPLADE,RR@10,97,0.8618106692848961,0.8558828342333497,-0.005927835051546393,-0.05,-0.04309053346424481,1000000.0,-0.029004451308717275,0.01714878120562449,0.0009414465114423136,0.0009414465114423136,3.196628678194637,0.0,-86017130.98560794,True,True,True
metadata_qualt5_POOLEDCONCAT,test-2019_test-2020,0.3,30.0,SPLADE,nDCG@10,97,0.5903063303445052,0.5714946632667317,-0.01881166707777349,-0.05,-0.029515316517225262,1000000.0,-0.03634231304817684,-0.0012810211073701408,0.11424963873070448,0.11424963873070448,1.2119676735991205,0.0,-113229389.96218927,False,True,False
metadata_qualt5_POOLEDCONCAT,test-2019_test-2020,0.3,30.0,SPLADE,R@100,97,0.4689618970534333,0.41643963333032685,-0.05252226372310631,-0.05,-0.023448094852671665,1000000.0,-0.07260839062604163,-0.032436136820171,0.9974989484123713,0.9974989484123713,-2.873215396751402,0.0,-98823652.03501773,False,False,False
metadata_qualt5_POOLEDCONCAT,test-2019_test-2020,0.3,30.0,TAS-B,RR@10,97,0.9354933726067747,0.937039764359352,0.0015463917525773195,-0.05,-0.04677466863033874,1000000.0,-0.01013095602571518,0.013223739530869819,4.999720972652514e-13,4.999720972652514e-13,8.213898275337367,0.0,-169985886.02040473,True,True,True
metadata_qualt5_POOLEDCONCAT,test-2019_test-2020,0.3,30.0,TAS-B,nDCG@10,97,0.697936757957595,0.6731603314248674,-0.024776426532727623,-0.05,-0.03489683789787975,1000000.0,-0.04171205850944423,-0.007840794556011017,0.11923759601361879,0.11923759601361879,1.1861888480858398,0.0,-117207575.33234227,False,True,False
metadata_qualt5_POOLEDCONCAT,test-2019_test-2020,0.3,30.0,TAS-B,R@100,97,0.553444309695361,0.48673813513709374,-0.06670617455826722,-0.05,-0.02767221548476805,1000000.0,-0.08611845372871514,-0.04729389538781929,0.9999357555302202,0.9999357555302202,-3.9913806976253094,0.0,-102254064.37403534,False,False,False
metadata_qualt5_POOLEDCONCAT,test-2019_test-2020,0.45,45.0,BM25,RR@10,97,0.7986786123384061,0.8067869415807559,0.008108329242349863,-0.05,-0.039933930616920306,1000000.0,-0.05518013504956645,0.07139679353426617,0.0675726419840158,0.0675726419840158,1.5068011710836882,0.0,-31364077.445147444,False,True,False
metadata_qualt5_POOLEDCONCAT,test-2019_test-2020,0.45,45.0,BM25,nDCG@10,97,0.4873823836823968,0.4833488740044647,-0.004033509677931972,-0.05,-0.02436911918411984,1000000.0,-0.03786682853927095,0.02979980918340701,0.11788912536572112,0.11788912536572112,1.1930802887129603,0.0,-58669512.37248247,False,True,False
metadata_qualt5_POOLEDCONCAT,test-2019_test-2020,0.45,45.0,BM25,R@100,97,0.4769567428702133,0.40146659546846325,-0.07549014740175006,-0.05,-0.023847837143510665,1000000.0,-0.10518830631952641,-0.04579198848397371,0.9995850499610808,0.9995850499610808,-3.4517013649780117,0.0,-66838636.92943032,False,False,False
metadata_qualt5_POOLEDCONCAT,test-2019_test-2020,0.45,45.0,SPLADE,RR@10,97,0.8618106692848961,0.8624856815578466,0.0006750122729504172,-0.05,-0.04309053346424481,1000000.0,-0.024182300892299488,0.025532325438200325,0.00035971041685879153,0.00035971041685879153,3.4949039381848386,0.0,-79855143.514308,True,True,True
metadata_qualt5_POOLEDCONCAT,test-2019_test-2020,0.45,45.0,SPLADE,nDCG@10,97,0.5903063303445052,0.5656325493922885,-0.02467378095221683,-0.05,-0.029515316517225262,1000000.0,-0.04464562523127573,-0.0047019366731579255,0.31573608368965,0.31573608368965,0.48119602806727163,0.0,-99389136.66523048,False,True,False
metadata_qualt5_POOLEDCONCAT,test-2019_test-2020,0.45,45.0,SPLADE,R@100,97,0.4689618970534333,0.3779985635397946,-0.09096333351363863,-0.05,-0.023448094852671665,1000000.0,-0.1174819249759068,-0.06444474205137045,0.9999989657977645,0.9999989657977645,-5.053688078493035,0.0,-74852561.26503295,False,False,False
metadata_qualt5_POOLEDCONCAT,test-2019_test-2020,0.45,45.0,TAS-B,RR@10,97,0.9354933726067747,0.9404761904761906,0.004982817869415807,-0.05,-0.04677466863033874,1000000.0,-0.010922368551739805,0.02088800429057142,2.162160356759158e-09,2.162160356759158e-09,6.459389785563212,0.0,-124801071.1147629,True,True,True
metadata_qualt5_POOLEDCONCAT,test-2019_test-2020,0.45,45.0,TAS-B,nDCG@10,97,0.697936757957595,0.6636909186429646,-0.03424583931463065,-0.05,-0.03489683789787975,1000000.0,-0.05519313973644089,-0.013298538892820407,0.4754693011000337,0.4754693011000337,0.06168918899129027,0.0,-94760868.44306271,False,True,False
metadata_qualt5_POOLEDCONCAT,test-2019_test-2020,0.45,45.0,TAS-B,R@100,97,0.553444309695361,0.4375940802960353,-0.11585022939932568,-0.05,-0.02767221548476805,1000000.0,-0.1428884209033769,-0.08881203789527446,0.9999999979739658,0.9999999979739658,-6.473508933322522,0.0,-73414101.7232787,False,False,False
metadata_qualt5_POOLEDCONCAT,test-2019_test-2020,0.6,60.0,BM25,RR@10,97,0.7986786123384061,0.8134879725085911,0.014809360170184919,-0.05,-0.039933930616920306,1000000.0,-0.04938604452093964,0.07900476486130947,0.04687632297225394,0.04687632297225394,1.6927157620833253,0.0,-30920971.55061798,True,True,False
metadata_qualt5_POOLEDCONCAT,test-2019_test-2020,0.6,60.0,BM25,nDCG@10,97,0.4873823836823968,0.4628244296853898,-0.024557953997006915,-0.05,-0.02436911918411984,1000000.0,-0.06167146533332745,0.01255555733931362,0.5040186367050999,0.5040186367050999,-0.010099667952595896,0.0,-53484143.34311717,False,False,False
metadata_qualt5_POOLEDCONCAT,test-2019_test-2020,0.6,60.0,BM25,R@100,97,0.4769567428702133,0.34604266783249954,-0.13091407503771382,-0.05,-0.023847837143510665,1000000.0,-0.16657997976405692,-0.09524817031137071,0.9999999790498829,0.9999999790498829,-5.95876661885626,0.0,-55654961.97625623,False,False,False
metadata_qualt5_POOLEDCONCAT,test-2019_test-2020,0.6,60.0,SPLADE,RR@10,97,0.8618106692848961,0.8471772214040255,-0.014633447880870568,-0.05,-0.04309053346424481,1000000.0,-0.05839459220731316,0.029127696445572022,0.09993655799808426,0.09993655799808426,1.290799619258615,0.0,-45359516.327336065,False,True,False
metadata_qualt5_POOLEDCONCAT,test-2019_test-2020,0.6,60.0,SPLADE,nDCG@10,97,0.5903063303445052,0.5343739465250493,-0.05593238381945581,-0.05,-0.029515316517225262,1000000.0,-0.08386607303913762,-0.027998694599773995,0.9682372841946204,0.9682372841946204,-1.8772122700727887,0.0,-71060589.48910055,False,False,False
metadata_qualt5_POOLEDCONCAT,test-2019_test-2020,0.6,60.0,SPLADE,R@100,97,0.4689618970534333,0.3193012322010598,-0.1496606648523734,-0.05,-0.023448094852671665,1000000.0,-0.18091278297614038,-0.11840854672860639,0.9999999999986886,0.9999999999986886,-8.016415731415407,0.0,-63515202.41744906,False,False,False
metadata_qualt5_POOLEDCONCAT,test-2019_test-2020,0.6,60.0,TAS-B,RR@10,97,0.9354933726067747,0.9245704467353952,-0.010922925871379482,-0.05,-0.04677466863033874,1000000.0,-0.03873016630716629,0.016884314564407327,0.006026104671374302,0.006026104671374302,2.5592308262992254,0.0,-71383722.4443983,True,True,True
metadata_qualt5_POOLEDCONCAT,test-2019_test-2020,0.6,60.0,TAS-B,nDCG@10,97,0.697936757957595,0.6172096444741297,-0.08072711348346544,-0.05,-0.03489683789787975,1000000.0,-0.10959858580962535,-0.051855641157305524,0.998914613892546,0.998914613892546,-3.150943498925832,0.0,-68752450.49330284,False,False,False
metadata_qualt5_POOLEDCONCAT,test-2019_test-2020,0.6,60.0,TAS-B,R@100,97,0.553444309695361,0.36359047012043993,-0.18985383957492105,-0.05,-0.02767221548476805,1000000.0,-0.2213333031120535,-0.15837437603778862,1.0,1.0,-10.226603101346878,0.0,-63056496.691770785,False,False,False
perplexity_dev.small,,0.15,15.0,BM25,RR@10,6980,0.18427616318733797,0.17720010688133894,-0.0070760563059989985,-0.05,-0.009213808159366899,1000000.0,-0.011436720115112745,-0.002715392496885252,0.16829010745113238,0.16829010745113238,0.9610104339863069,0.0,-449542559.99004585,False,True,False
perplexity_dev.small,,0.15,15.0,BM25,nDCG@10,6980,0.2299347532023317,0.2185213324990386,-0.011413420703293127,-0.05,-0.011496737660116586,1000000.0,-0.015828612742930213,-0.006998228663656043,0.4852462414205626,0.4852462414205626,0.036991949336390356,0.0,-443990649.31015265,False,True,False
perplexity_dev.small,,0.15,15.0,BM25,R@100,6980,0.6777578796561604,0.6082020057306591,-0.06955587392550143,-0.05,-0.033887893982808025,1000000.0,-0.07753063221518955,-0.06158111563581331,1.0,1.0,-8.76767416897225,0.0,-245813606.29063463,False,False,False
perplexity_dev.small,,0.15,15.0,SPLADE,RR@10,6980,0.29693398371765134,0.2750825487788238,-0.02185143493882749,-0.05,-0.014846699185882568,1000000.0,-0.02596795490167306,-0.01773491497598192,0.9995723305578407,0.9995723305578407,-3.335684351373033,0.0,-476204176.9898512,False,False,False
perplexity_dev.small,,0.15,15.0,SPLADE,nDCG@10,6980,0.3525535290063942,0.3247900902711164,-0.027763438735277837,-0.05,-0.01762767645031971,1000000.0,-0.03209525204071868,-0.02343162542983699,0.9999977102982304,0.9999977102982304,-4.586803152608111,0.0,-452536587.87563884,False,False,False
perplexity_dev.small,,0.15,15.0,SPLADE,R@100,6980,0.8166905444126075,0.7314469914040115,-0.08524355300859598,-0.05,-0.04083452722063038,1000000.0,-0.09256136798419154,-0.07792573803300043,1.0,1.0,-11.896336450065315,0.0,-267881072.66642827,False,False,False
perplexity_dev.small,,0.15,15.0,TAS-B,RR@10,6980,0.3472977213808159,0.31899002819848093,-0.028307693182335017,-0.05,-0.017364886069040793,1000000.0,-0.032922514727644264,-0.02369287163702577,0.9999982961142141,0.9999982961142141,-4.648333177496023,0.0,-424784359.34710336,False,False,False
perplexity_dev.small,,0.15,15.0,TAS-B,nDCG@10,6980,0.4106574638556805,0.3751705624564878,-0.03548690139919277,-0.05,-0.02053287319278403,1000000.0,-0.040280856986201624,-0.030692945812183917,0.9999999994907695,0.9999999994907695,-6.114875315596476,0.0,-408911595.4705665,False,False,False
perplexity_dev.small,,0.15,15.0,TAS-B,R@100,6980,0.8869149952244508,0.7944842406876791,-0.09243075453677174,-0.05,-0.04434574976122255,1000000.0,-0.09999970323988262,-0.08486180583366086,1.0,1.0,-12.453674728915187,0.0,-258992921.7673765,False,False,False
perplexity_dev.small,,0.3,30.0,BM25,RR@10,6980,0.18427616318733797,0.15743115249920409,-0.026845010688133896,-0.05,-0.009213808159366899,1000000.0,-0.03240339148747743,-0.021286629888790362,0.9999999997338636,0.9999999997338636,-6.218090726688086,0.0,-352675371.03424376,False,False,False
perplexity_dev.small,,0.3,30.0,BM25,nDCG@10,6980,0.2299347532023317,0.19098922514340919,-0.038945528058922506,-0.05,-0.011496737660116586,1000000.0,-0.044731114980281296,-0.033159941137563716,1.0,1.0,-9.300348123043095,0.0,-338825440.03303856,False,False,False
perplexity_dev.small,,0.3,30.0,BM25,R@100,6980,0.6777578796561604,0.5178724928366762,-0.15988538681948425,-0.05,-0.033887893982808025,1000000.0,-0.17036644500377784,-0.14940432863519065,1.0,1.0,-23.56569151507935,0.0,-187033049.24833703,False,False,False
perplexity_dev.small,,0.3,30.0,SPLADE,RR@10,6980,0.29693398371765134,0.24161942284076954,-0.05531456087688179,-0.05,-0.014846699185882568,1000000.0,-0.0614898482618686,-0.04913927349189497,1.0,1.0,-12.846253867137701,0.0,-317443374.59223425,False,False,False
perplexity_dev.small,,0.3,30.0,SPLADE,nDCG@10,6980,0.3525535290063942,0.28217501771383097,-0.07037851129256323,-0.05,-0.01762767645031971,1000000.0,-0.07682580993393849,-0.06393121265118797,1.0,1.0,-16.038914293886368,0.0,-304050456.65432984,False,False,False
perplexity_dev.small,,0.3,30.0,SPLADE,R@100,6980,0.8166905444126075,0.618935052531041,-0.1977554918815664,-0.05,-0.04083452722063038,1000000.0,-0.20785312703564385,-0.18765785672748897,1.0,1.0,-30.463844597789652,0.0,-194134994.56880355,False,False,False
perplexity_dev.small,,0.3,30.0,TAS-B,RR@10,6980,0.3472977213808159,0.2806083140037295,-0.06668940737708647,-0.05,-0.017364886069040793,1000000.0,-0.07341118708863206,-0.05996762766554086,1.0,1.0,-14.384740128738853,0.0,-291634682.0319218,False,False,False
perplexity_dev.small,,0.3,30.0,TAS-B,nDCG@10,6980,0.4106574638556805,0.32595231737213975,-0.08470514648354077,-0.05,-0.02053287319278403,1000000.0,-0.09168676951917432,-0.07772352344790723,1.0,1.0,-18.01832621043161,0.0,-280780574.1124009,False,False,False
perplexity_dev.small,,0.3,30.0,TAS-B,R@100,6980,0.8869149952244508,0.6730420248328559,-0.21387297039159506,-0.05,-0.04434574976122255,1000000.0,-0.22421947481369545,-0.20352646596949467,1.0,1.0,-32.11953216810811,0.0,-189465378.58742747,False,False,False
perplexity_dev.small,,0.45,45.0,BM25,RR@10,6980,0.18427616318733797,0.12720670168736073,-0.057069461499977256,-0.05,-0.009213808159366899,1000000.0,-0.06343161070022459,-0.050707312299729926,1.0,1.0,-14.745272974583246,0.0,-308119789.1321061,False,False,False
perplexity_dev.small,,0.45,45.0,BM25,nDCG@10,6980,0.2299347532023317,0.15294073631088237,-0.0769940168914493,-0.05,-0.011496737660116586,1000000.0,-0.08375065985089437,-0.07023737393200423,1.0,1.0,-19.002717250981615,0.0,-290129894.5099782,False,False,False
perplexity_dev.small,,0.45,45.0,BM25,R@100,6980,0.6777578796561604,0.4143147086914995,-0.2634431709646609,-0.05,-0.033887893982808025,1000000.0,-0.2756279824899122,-0.2512583594394096,1.0,1.0,-36.9310692369306,0.0,-160880984.53553784,False,False,False
perplexity_dev.small,,0.45,45.0,SPLADE,RR@10,6980,0.29693398371765134,0.19885233319688905,-0.09808165052076227,-0.05,-0.014846699185882568,1000000.0,-0.10571513112914868,-0.09044816991237586,1.0,1.0,-21.375020508674893,0.0,-256803449.30069005,False,False,False
perplexity_dev.small,,0.45,45.0,SPLADE,nDCG@10,6980,0.3525535290063942,0.23016148852544374,-0.12239204048095043,-0.05,-0.01762767645031971,1000000.0,-0.13033415388568312,-0.11444992707621773,1.0,1.0,-25.858356210102343,0.0,-246823999.88033074,False,False,False
perplexity_dev.small,,0.45,45.0,SPLADE,R@100,6980,0.8166905444126075,0.4941618911174785,-0.3225286532951289,-0.05,-0.04083452722063038,1000000.0,-0.33432640882266607,-0.3107308977675918,1.0,1.0,-46.80603094698412,0.0,-166159112.7068501,False,False,False
perplexity_dev.small,,0.45,45.0,TAS-B,RR@10,6980,0.3472977213808159,0.23096619593396098,-0.11633152544685493,-0.05,-0.017364886069040793,1000000.0,-0.12461554582317896,-0.1080475050705309,1.0,1.0,-23.419147476989842,0.0,-236636813.66374636,False,False,False
perplexity_dev.small,,0.45,45.0,TAS-B,nDCG@10,6980,0.4106574638556805,0.2661381141291609,-0.14451934972651967,-0.05,-0.02053287319278403,1000000.0,-0.15307260995819177,-0.13596608949484756,1.0,1.0,-28.41620319280515,0.0,-229187957.37988856,False,False,False
perplexity_dev.small,,0.45,45.0,TAS-B,R@100,6980,0.8869149952244508,0.5338586437440306,-0.3530563514804202,-0.05,-0.04434574976122255,1000000.0,-0.3649737493808129,-0.3411389535800275,1.0,1.0,-50.780096420884185,0.0,-164490995.988888,False,False,False
perplexity_dev.small,,0.6,60.0,BM25,RR@10,6980,0.18427616318733797,0.09975673125028425,-0.08451943193705369,-0.05,-0.009213808159366899,1000000.0,-0.09150959028796418,-0.0775292735861432,1.0,1.0,-21.118536226278685,0.0,-280437727.6463492,False,False,False
perplexity_dev.small,,0.6,60.0,BM25,nDCG@10,6980,0.2299347532023317,0.11909113343764043,-0.11084361976469127,-0.05,-0.011496737660116586,1000000.0,-0.11831093771198965,-0.1033763018173929,1.0,1.0,-26.080325974106987,0.0,-262517839.6388122,False,False,False
perplexity_dev.small,,0.6,60.0,BM25,R@100,6980,0.6777578796561604,0.31013610315186246,-0.367621776504298,-0.05,-0.033887893982808025,1000000.0,-0.38061518533794336,-0.35462836767065264,1.0,1.0,-50.35013207436065,0.0,-150869160.1935967,False,False,False
perplexity_dev.small,,0.6,60.0,SPLADE,RR@10,6980,0.29693398371765134,0.15511751262109427,-0.14181647109655704,-0.05,-0.014846699185882568,1000000.0,-0.150409268802811,-0.13322367339030308,1.0,1.0,-28.966042835929635,0.0,-228133409.29815754,False,False,False
perplexity_dev.small,,0.6,60.0,SPLADE,nDCG@10,6980,0.3525535290063942,0.17826437620171987,-0.17428915280467433,-0.05,-0.01762767645031971,1000000.0,-0.18320210010165214,-0.16537620550769652,1.0,1.0,-34.45595513491308,0.0,-219938953.353637,False,False,False
perplexity_dev.small,,0.6,60.0,SPLADE,R@100,6980,0.8166905444126075,0.365090735434575,-0.4515998089780324,-0.05,-0.04083452722063038,1000000.0,-0.46414374523974505,-0.4390558727163198,1.0,1.0,-64.19235484723423,0.0,-156275095.99119774,False,False,False
perplexity_dev.small,,0.6,60.0,TAS-B,RR@10,6980,0.3472977213808159,0.17886404466275527,-0.16843367671806064,-0.05,-0.017364886069040793,1000000.0,-0.17773965086513327,-0.15912770257098802,1.0,1.0,-31.822648932772307,0.0,-210650089.64500195,False,False,False
perplexity_dev.small,,0.6,60.0,TAS-B,nDCG@10,6980,0.4106574638556805,0.2039915192263988,-0.20666594462928176,-0.05,-0.02053287319278403,1000000.0,-0.2161980329095505,-0.197133856349013,1.0,1.0,-38.27885201523383,0.0,-205653190.11150783,False,False,False
perplexity_dev.small,,0.6,60.0,TAS-B,R@100,6980,0.8869149952244508,0.39363658070678126,-0.49327841451766946,-0.05,-0.04434574976122255,1000000.0,-0.5056927214489111,-0.4808641075864279,1.0,1.0,-70.88953773511732,0.0,-157906916.26739797,False,False,False
perplexity,test-2019_test-2020,0.15,15.0,BM25,RR@10,97,0.7986786123384061,0.8104810996563573,0.011802487317951244,-0.05,-0.039933930616920306,1000000.0,-0.032569061235436896,0.05617403587133938,0.011387161972010574,0.011387161972010574,2.3144555753326377,0.0,-44735519.78279324,True,True,True
perplexity,test-2019_test-2020,0.15,15.0,BM25,nDCG@10,97,0.4873823836823968,0.46431217277130454,-0.023070210911092237,-0.05,-0.02436911918411984,1000000.0,-0.04479145103063175,-0.001348970791552724,0.4528805070239954,0.4528805070239954,0.11870006177770197,0.0,-91384485.7108051,False,True,False
perplexity,test-2019_test-2020,0.15,15.0,BM25,R@100,97,0.4769567428702133,0.427462294783855,-0.04949444808635839,-0.05,-0.023847837143510665,1000000.0,-0.06691334310176904,-0.03207555307094774,0.997835541481872,0.997835541481872,-2.9225803542907633,0.0,-113955816.83112437,False,False,False
perplexity,test-2019_test-2020,0.15,15.0,SPLADE,RR@10,97,0.8618106692848961,0.8700867288496155,0.008276059564719357,-0.05,-0.04309053346424481,1000000.0,-0.010226566469810242,0.026778685599248956,1.4987607986924618e-07,1.4987607986924618e-07,5.510670815537814,0.0,-107281220.04945633,True,True,True
perplexity,test-2019_test-2020,0.15,15.0,SPLADE,nDCG@10,97,0.5903063303445052,0.5752992462284737,-0.015007084116031468,-0.05,-0.029515316517225262,1000000.0,-0.028941001261464407,-0.0010731669705985308,0.020722574733787354,0.020722574733787354,2.0667995513275232,0.0,-142457021.9990475,True,True,True
perplexity,test-2019_test-2020,0.15,15.0,SPLADE,R@100,97,0.4689618970534333,0.42373743458615337,-0.04522446246727981,-0.05,-0.023448094852671665,1000000.0,-0.05958751688431091,-0.030861408050248715,0.9983287375158237,0.9983287375158237,-3.0095094554452193,0.0,-138200715.7855753,False,False,False
perplexity,test-2019_test-2020,0.15,15.0,TAS-B,RR@10,97,0.9354933726067747,0.9336033382425135,-0.001890034364261169,-0.05,-0.04677466863033874,1000000.0,-0.004540136828073304,0.0007600680995509656,3.3324773277951874e-55,3.3324773277951874e-55,33.61956605964934,0.0,-749021723.6458604,True,True,True
perplexity,test-2019_test-2020,0.15,15.0,TAS-B,nDCG@10,97,0.697936757957595,0.6781974951290229,-0.0197392628285722,-0.05,-0.03489683789787975,1000000.0,-0.033640354421771566,-0.005838171235372834,0.01645690969692392,0.01645690969692392,2.1644018753281555,0.0,-142793415.71162876,True,True,True
perplexity,test-2019_test-2020,0.15,15.0,TAS-B,R@100,97,0.553444309695361,0.4909947429557599,-0.06244956673960112,-0.05,-0.02767221548476805,1000000.0,-0.07820029220703903,-0.04669884127216321,0.9999850238076674,0.9999850238076674,-4.382813780873826,0.0,-126024952.92017272,False,False,False
perplexity,test-2019_test-2020,0.3,30.0,BM25,RR@10,97,0.7986786123384061,0.7975085910652919,-0.0011700212731140548,-0.05,-0.039933930616920306,1000000.0,-0.05639613232849489,0.05405608978226679,0.08337553453724358,0.08337553453724358,1.3932857199360773,0.0,-35942858.838330045,False,True,False
perplexity,test-2019_test-2020,0.3,30.0,BM25,nDCG@10,97,0.4873823836823968,0.4528240276800373,-0.0345583560023594,-0.05,-0.02436911918411984,1000000.0,-0.06177908057507285,-0.007337631429645955,0.7703572557632153,0.7703572557632153,-0.7430175187531249,0.0,-72921805.3996475,False,False,False
perplexity,test-2019_test-2020,0.3,30.0,BM25,R@100,97,0.4769567428702133,0.37266255787728536,-0.104294184992928,-0.05,-0.023847837143510665,1000000.0,-0.13347073787232913,-0.07511763211352689,0.9999998237596448,0.9999998237596448,-5.47305019414405,0.0,-68033551.69331035,False,False,False
perplexity,test-2019_test-2020,0.3,30.0,SPLADE,RR@10,97,0.8618106692848961,0.8686548846342661,0.0068442153493699885,-0.05,-0.04309053346424481,1000000.0,-0.024210741457584957,0.037899172156324934,0.000955918762528796,0.000955918762528796,3.1917511143686097,0.0,-63918436.92729945,True,True,True
perplexity,test-2019_test-2020,0.3,30.0,SPLADE,nDCG@10,97,0.5903063303445052,0.5464850680865057,-0.04382126225799954,-0.05,-0.029515316517225262,1000000.0,-0.07175471984475662,-0.015887804671242463,0.8440498564703967,0.8440498564703967,-1.0165973105496846,0.0,-71061177.88499603,False,False,False
perplexity,test-2019_test-2020,0.3,30.0,SPLADE,R@100,97,0.4689618970534333,0.3629912874001532,-0.10597060965328003,-0.05,-0.023448094852671665,1000000.0,-0.1346978473155128,-0.07724337199104728,0.9999999348022424,0.9999999348022424,-5.7021109775078305,0.0,-69097646.8124063,False,False,False
perplexity,test-2019_test-2020,0.3,30.0,TAS-B,RR@10,97,0.9354933726067747,0.9344624447717231,-0.0010309278350515473,-0.05,-0.04677466863033874,1000000.0,-0.026498426199165346,0.024436570529062254,0.0002842511798371688,0.0002842511798371688,3.5653524555569795,0.0,-77941864.77201983,True,True,True
perplexity,test-2019_test-2020,0.3,30.0,TAS-B,nDCG@10,97,0.697936757957595,0.6494843777058124,-0.048452380251782716,-0.05,-0.03489683789787975,1000000.0,-0.07634225660938401,-0.020562503894181426,0.8314599517423209,0.8314599517423209,-0.9647779919059442,0.0,-71172219.7064252,False,False,False
perplexity,test-2019_test-2020,0.3,30.0,TAS-B,R@100,97,0.553444309695361,0.41938997236304093,-0.1340543373323201,-0.05,-0.02767221548476805,1000000.0,-0.16335447532354389,-0.10475419934109634,0.999999999935013,0.999999999935013,-7.207025542269546,0.0,-67746594.8529435,False,False,False
perplexity,test-2019_test-2020,0.45,45.0,BM25,RR@10,97,0.7986786123384061,0.7619947635411553,-0.036683848797250854,-0.05,-0.039933930616920306,1000000.0,-0.09924634610629723,0.025878648511795527,0.45904194757170236,0.45904194757170236,0.10311866854303457,0.0,-31728023.492132224,False,True,False
perplexity,test-2019_test-2020,0.45,45.0,BM25,nDCG@10,97,0.4873823836823968,0.4211919142153098,-0.06619046946708693,-0.05,-0.02436911918411984,1000000.0,-0.10062124996341787,-0.03175968897075598,0.9910954543809234,0.9910954543809234,-2.411061352721275,0.0,-57651450.65850561,False,False,False
perplexity,test-2019_test-2020,0.45,45.0,BM25,R@100,97,0.4769567428702133,0.30349430817553785,-0.1734624346946755,-0.05,-0.023847837143510665,1000000.0,-0.21311415682924295,-0.13381071256010807,0.999999999983204,0.999999999983204,-7.489778827441821,0.0,-50060490.41488585,False,False,False
perplexity,test-2019_test-2020,0.45,45.0,SPLADE,RR@10,97,0.8618106692848961,0.8458026509572901,-0.01600801832760596,-0.05,-0.04309053346424481,1000000.0,-0.05859564795641893,0.02657961130120701,0.10494938472092898,0.10494938472092898,1.2623000653377252,0.0,-46609411.24470867,False,True,False
perplexity,test-2019_test-2020,0.45,45.0,SPLADE,nDCG@10,97,0.5903063303445052,0.5116006240472266,-0.07870570629727856,-0.05,-0.029515316517225262,1000000.0,-0.11491612633211819,-0.04249528626243894,0.9958621706793018,0.9958621706793018,-2.696520832886107,0.0,-54818045.90642059,False,False,False
perplexity,test-2019_test-2020,0.45,45.0,SPLADE,R@100,97,0.4689618970534333,0.3006728054285849,-0.16828909162484829,-0.05,-0.023448094852671665,1000000.0,-0.20485787719159027,-0.1317203060581063,0.9999999999972218,0.9999999999972218,-7.862090627389141,0.0,-54280846.76094626,False,False,False
perplexity,test-2019_test-2020,0.45,45.0,TAS-B,RR@10,97,0.9354933726067747,0.9186712485681556,-0.016822124038618887,-0.05,-0.04677466863033874,1000000.0,-0.051148551929691026,0.017504303852453253,0.04323763891682496,0.04323763891682496,1.7320570405305913,0.0,-57826708.65787754,True,True,False
perplexity,test-2019_test-2020,0.45,45.0,TAS-B,nDCG@10,97,0.697936757957595,0.5970977690942757,-0.10083898886331945,-0.05,-0.03489683789787975,1000000.0,-0.13518431583501822,-0.06649366189162068,0.9998778896849784,0.9998778896849784,-3.8111192024133924,0.0,-57794893.41681025,False,False,False
perplexity,test-2019_test-2020,0.45,45.0,TAS-B,R@100,97,0.553444309695361,0.34813776714657996,-0.20530654254878108,-0.05,-0.02767221548476805,1000000.0,-0.24182135440389432,-0.16879173069366785,0.9999999999999996,0.9999999999999996,-9.656392419890292,0.0,-54361083.02946995,False,False,False
perplexity,test-2019_test-2020,0.6,60.0,BM25,RR@10,97,0.7986786123384061,0.7045900834560629,-0.09408852888234331,-0.05,-0.039933930616920306,1000000.0,-0.16189856443910944,-0.026278493325577204,0.941901157591007,0.941901157591007,-1.5852524935507661,0.0,-29272724.6342995,False,False,False
perplexity,test-2019_test-2020,0.6,60.0,BM25,nDCG@10,97,0.4873823836823968,0.3827000645402356,-0.10468231914216121,-0.05,-0.02436911918411984,1000000.0,-0.14255617170340126,-0.06680846658092116,0.9999711455848126,0.9999711455848126,-4.209248099801602,0.0,-52410419.9886759,False,False,False
perplexity,test-2019_test-2020,0.6,60.0,BM25,R@100,97,0.4769567428702133,0.22660594195231576,-0.2503508009178976,-0.05,-0.023847837143510665,1000000.0,-0.29652488781780795,-0.2041767140179872,0.9999999999999997,0.9999999999999997,-9.737167744800802,0.0,-42989151.31286079,False,False,False
perplexity,test-2019_test-2020,0.6,60.0,SPLADE,RR@10,97,0.8618106692848961,0.7969072164948453,-0.06490345279005073,-0.05,-0.04309053346424481,1000000.0,-0.12311368931972988,-0.00669321626037158,0.7706008546501726,0.7706008546501726,-0.7438262620413916,0.0,-34100264.12366984,False,False,False
perplexity,test-2019_test-2020,0.6,60.0,SPLADE,nDCG@10,97,0.5903063303445052,0.44733257194013576,-0.1429737584043695,-0.05,-0.029515316517225262,1000000.0,-0.18274935748240564,-0.10319815932633333,0.9999999223299404,0.9999999223299404,-5.662095163290613,0.0,-49904580.731451064,False,False,False
perplexity,test-2019_test-2020,0.6,60.0,SPLADE,R@100,97,0.4689618970534333,0.22575127264237668,-0.2432106244110565,-0.05,-0.023448094852671665,1000000.0,-0.28581118761257523,-0.2006100612095378,1.0,1.0,-10.239892166970558,0.0,-46595271.168375716,False,False,False
perplexity,test-2019_test-2020,0.6,60.0,TAS-B,RR@10,97,0.9354933726067747,0.8979790541646211,-0.03751431844215349,-0.05,-0.04677466863033874,1000000.0,-0.0809395226223665,0.005910885738059521,0.3365136073683346,0.3365136073683346,0.4232944942883362,0.0,-45710421.48146821,False,True,False
perplexity,test-2019_test-2020,0.6,60.0,TAS-B,nDCG@10,97,0.697936757957595,0.5318393899331371,-0.1660973680244581,-0.05,-0.03489683789787975,1000000.0,-0.20567602710011101,-0.12651870894880518,0.9999999987618191,0.9999999987618191,-6.580086340671824,0.0,-50152902.7913117,False,False,False
perplexity,test-2019_test-2020,0.6,60.0,TAS-B,R@100,97,0.553444309695361,0.258972447169287,-0.29447186252607405,-0.05,-0.02767221548476805,1000000.0,-0.3362317392643821,-0.252711985787766,1.0,1.0,-12.681864867986723,0.0,-47533303.52223324,False,False,False
qualt5_dev.small,,0.15,15.0,BM25,RR@10,6980,0.18427616318733797,0.19597387092372767,0.011697707736389685,-0.05,-0.009213808159366899,1000000.0,0.0069092673368120645,0.016486148135967306,6.81900302340705e-18,6.81900302340705e-18,8.560809775275395,0.0,-409382548.72621286,True,True,True
qualt5_dev.small,,0.15,15.0,BM25,nDCG@10,6980,0.2299347532023317,0.239823368887912,0.009888615685580299,-0.05,-0.011496737660116586,1000000.0,0.005287543659149944,0.014489687712010653,5.229788136947332e-20,5.229788136947332e-20,9.111309835804029,0.0,-426053738.6696557,True,True,True
qualt5_dev.small,,0.15,15.0,BM25,R@100,6980,0.6777578796561604,0.6546561604584528,-0.023101719197707735,-0.05,-0.033887893982808025,1000000.0,-0.029890950517649922,-0.016312487877765548,0.0009254228974238453,0.0009254228974238453,3.114370409246004,0.0,-288737253.3120283,True,True,True
qualt5_dev.small,,0.15,15.0,SPLADE,RR@10,6980,0.29693398371765134,0.28663721744667303,-0.010296766270978305,-0.05,-0.014846699185882568,1000000.0,-0.013175611910000797,-0.007417920631955812,0.0009773547429706953,0.0009773547429706953,3.0982041487150376,0.0,-680934035.4157095,True,True,True
qualt5_dev.small,,0.15,15.0,SPLADE,nDCG@10,6980,0.3525535290063942,0.33920549386447246,-0.013348035141921746,-0.05,-0.01762767645031971,1000000.0,-0.016347232394919198,-0.010348837888924295,0.0025843240110689065,0.0025843240110689065,2.797214417244662,0.0,-653609555.8038917,True,True,True
qualt5_dev.small,,0.15,15.0,SPLADE,R@100,6980,0.8166905444126075,0.7788204393505254,-0.037870105062082146,-0.05,-0.04083452722063038,1000000.0,-0.042928644912196695,-0.0328115652119676,0.12534226147759597,0.12534226147759597,1.148783772228224,0.0,-387523690.7200089,False,True,False
qualt5_dev.small,,0.15,15.0,TAS-B,RR@10,6980,0.3472977213808159,0.334472642925365,-0.01282507845545095,-0.05,-0.017364886069040793,1000000.0,-0.016209635202084096,-0.009440521708817802,0.004285980598975005,0.004285980598975005,2.6294145733968204,0.0,-579190756.7290199,True,True,True
qualt5_dev.small,,0.15,15.0,TAS-B,nDCG@10,6980,0.4106574638556805,0.39431989966482534,-0.016337564190855216,-0.05,-0.02053287319278403,1000000.0,-0.01978562111389634,-0.012889507267814094,0.0085496954108423,0.0085496954108423,2.3851348819443423,0.0,-568524254.0692611,True,True,True
qualt5_dev.small,,0.15,15.0,TAS-B,R@100,6980,0.8869149952244508,0.8443409742120344,-0.04257402101241643,-0.05,-0.04434574976122255,1000000.0,-0.04784177485734304,-0.037306267167489825,0.25485655119864253,0.25485655119864253,0.6593183700808073,0.0,-372132810.1691218,False,True,False
qualt5_dev.small,,0.3,30.0,BM25,RR@10,6980,0.18427616318733797,0.19438793377905125,0.010111770591713287,-0.05,-0.009213808159366899,1000000.0,0.0043728189394961715,0.0158507222439304,2.1887647856529837e-11,2.1887647856529837e-11,6.6012071219195,0.0,-341578751.1564506,True,True,True
qualt5_dev.small,,0.3,30.0,BM25,nDCG@10,6980,0.2299347532023317,0.23548750314522332,0.005552749942891644,-0.05,-0.011496737660116586,1000000.0,-0.00010027061741143747,0.011205770503194726,1.7667181820801353e-09,1.7667181820801353e-09,5.912268967678543,0.0,-346771062.7154581,True,True,True
qualt5_dev.small,,0.3,30.0,BM25,R@100,6980,0.6777578796561604,0.6175501432664756,-0.06020773638968482,-0.05,-0.033887893982808025,1000000.0,-0.06889573152605519,-0.051519741253314454,0.9999999984940413,0.9999999984940413,-5.938641819867693,0.0,-225633652.57339987,False,False,False
qualt5_dev.small,,0.3,30.0,SPLADE,RR@10,6980,0.29693398371765134,0.2758404398053395,-0.02109354391231182,-0.05,-0.014846699185882568,1000000.0,-0.025188014455689536,-0.016999073368934102,0.9986038720409239,0.9986038720409239,-2.990793147326918,0.0,-478768617.0203409,False,False,False
qualt5_dev.small,,0.3,30.0,SPLADE,nDCG@10,6980,0.3525535290063942,0.3248713129556235,-0.027682216050770717,-0.05,-0.01762767645031971,1000000.0,-0.03195657489368729,-0.023407857207854144,0.9999979626523677,0.9999979626523677,-4.611207083990953,0.0,-458619429.1216023,False,False,False
qualt5_dev.small,,0.3,30.0,SPLADE,R@100,6980,0.8166905444126075,0.727375835721108,-0.08931470869149953,-0.05,-0.04083452722063038,1000000.0,-0.09676968232788499,-0.08185973505511407,1.0,1.0,-12.747984937806377,0.0,-262952523.88956037,False,False,False
qualt5_dev.small,,0.3,30.0,TAS-B,RR@10,6980,0.3472977213808159,0.3219687770045936,-0.02532894437622231,-0.05,-0.017364886069040793,1000000.0,-0.02983366558087633,-0.02082422317156829,0.9997339738053161,0.9997339738053161,-3.4656917294340457,0.0,-435166554.98255205,False,False,False
qualt5_dev.small,,0.3,30.0,TAS-B,nDCG@10,6980,0.4106574638556805,0.3768810253208214,-0.03377643853485911,-0.05,-0.02053287319278403,1000000.0,-0.0384439376443344,-0.029108939425383812,0.9999999861843807,0.9999999861843807,-5.5621678656925875,0.0,-419990229.9641084,False,False,False
qualt5_dev.small,,0.3,30.0,TAS-B,R@100,6980,0.8869149952244508,0.7856852913085005,-0.10122970391595033,-0.05,-0.04434574976122255,1000000.0,-0.10889317535359071,-0.09356623247830996,1.0,1.0,-14.550826135543625,0.0,-255798455.37707025,False,False,False
qualt5_dev.small,,0.45,45.0,BM25,RR@10,6980,0.18427616318733797,0.18895893027698182,0.0046827670896438835,-0.05,-0.009213808159366899,1000000.0,-0.0017632917620336282,0.011128825941321394,1.2041761854942651e-05,1.2041761854942651e-05,4.226072409818218,0.0,-304108912.75743175,True,True,True
qualt5_dev.small,,0.45,45.0,BM25,nDCG@10,6980,0.2299347532023317,0.22575765622110147,-0.004177096981230255,-0.05,-0.011496737660116586,1000000.0,-0.010654851552170696,0.0023006575897101863,0.013393498440830806,0.013393498440830806,2.215076295002986,0.0,-302620907.4230941,True,True,True
qualt5_dev.small,,0.45,45.0,BM25,R@100,6980,0.6777578796561604,0.5628462273161413,-0.11491165234001911,-0.05,-0.033887893982808025,1000000.0,-0.12538442091844962,-0.10443888376158861,1.0,1.0,-15.16611324131006,0.0,-187181084.80243573,False,False,False
qualt5_dev.small,,0.45,45.0,SPLADE,RR@10,6980,0.29693398371765134,0.2575664028744258,-0.039367580843225544,-0.05,-0.014846699185882568,1000000.0,-0.044648239082126506,-0.03408692260432458,1.0,1.0,-9.10272530339363,0.0,-371223424.54680943,False,False,False
qualt5_dev.small,,0.45,45.0,SPLADE,nDCG@10,6980,0.3525535290063942,0.3015692426608965,-0.05098428634549769,-0.05,-0.01762767645031971,1000000.0,-0.05654480163288933,-0.04542377105810605,1.0,1.0,-11.759538644864094,0.0,-352539999.7592601,False,False,False
qualt5_dev.small,,0.45,45.0,SPLADE,R@100,6980,0.8166905444126075,0.6518624641833811,-0.16482808022922635,-0.05,-0.04083452722063038,1000000.0,-0.1743397757853647,-0.155316384673088,1.0,1.0,-25.554334798799538,0.0,-206094094.33650076,False,False,False
qualt5_dev.small,,0.45,45.0,TAS-B,RR@10,6980,0.3472977213808159,0.30150662891708735,-0.045791092463728575,-0.05,-0.017364886069040793,1000000.0,-0.051569877282260874,-0.040012307645196275,1.0,1.0,-9.642858604377876,0.0,-339224267.63695556,False,False,False
qualt5_dev.small,,0.45,45.0,TAS-B,nDCG@10,6980,0.4106574638556805,0.3504479266030418,-0.060209537252638765,-0.05,-0.02053287319278403,1000000.0,-0.06623470180938909,-0.05418437269588843,1.0,1.0,-12.9089124238002,0.0,-325352786.2515339,False,False,False
qualt5_dev.small,,0.45,45.0,TAS-B,R@100,6980,0.8869149952244508,0.7017311365807068,-0.185183858643744,-0.05,-0.04434574976122255,1000000.0,-0.19493455476701219,-0.17543316252047583,1.0,1.0,-28.314440200802554,0.0,-201042499.56805378,False,False,False
qualt5_dev.small,,0.6,60.0,BM25,RR@10,6980,0.18427616318733797,0.17256230954655025,-0.011713853640787737,-0.05,-0.009213808159366899,1000000.0,-0.01900744832270937,-0.004420258958866105,0.7491775407514001,0.7491775407514001,-0.6719387718227786,0.0,-268770622.2495966,False,False,False
qualt5_dev.small,,0.6,60.0,BM25,nDCG@10,6980,0.2299347532023317,0.20432868007796962,-0.025606073124362087,-0.05,-0.011496737660116586,1000000.0,-0.03308425995537068,-0.01812788629335349,0.9998907579203311,0.9998907579203311,-3.6985684875522766,0.0,-262136270.81379145,False,False,False
qualt5_dev.small,,0.6,60.0,BM25,R@100,6980,0.6777578796561604,0.48521967526265514,-0.19253820439350527,-0.05,-0.033887893982808025,1000000.0,-0.2047768004055556,-0.18029960838145495,1.0,1.0,-25.411642900134414,0.0,-160173955.70839733,False,False,False
qualt5_dev.small,,0.6,60.0,SPLADE,RR@10,6980,0.29693398371765134,0.22890054350297903,-0.06803344021467231,-0.05,-0.014846699185882568,1000000.0,-0.07470715962489304,-0.06135972080445158,1.0,1.0,-15.622799304281912,0.0,-293734868.2202232,False,False,False
qualt5_dev.small,,0.6,60.0,SPLADE,nDCG@10,6980,0.3525535290063942,0.2657014777417828,-0.08685205126461139,-0.05,-0.01762767645031971,1000000.0,-0.09384320757516584,-0.07986089495405693,1.0,1.0,-19.410353583844476,0.0,-280397696.934724,False,False,False
qualt5_dev.small,,0.6,60.0,SPLADE,R@100,6980,0.8166905444126075,0.5479942693409742,-0.26869627507163324,-0.05,-0.04083452722063038,1000000.0,-0.2800880613587603,-0.2573044887845062,1.0,1.0,-39.21055705937376,0.0,-172080517.9671662,False,False,False
qualt5_dev.small,,0.6,60.0,TAS-B,RR@10,6980,0.3472977213808159,0.26382538545504164,-0.08347233592577433,-0.05,-0.017364886069040793,1000000.0,-0.0906714572248836,-0.07627321462666506,1.0,1.0,-18.000904587107684,0.0,-272297693.0542075,False,False,False
qualt5_dev.small,,0.6,60.0,TAS-B,nDCG@10,6980,0.4106574638556805,0.3048687947908269,-0.10578866906485364,-0.05,-0.02053287319278403,1000000.0,-0.11327032891966726,-0.09830700921004001,1.0,1.0,-22.33826147473546,0.0,-262014606.8589875,False,False,False
qualt5_dev.small,,0.6,60.0,TAS-B,R@100,6980,0.8869149952244508,0.5823543457497612,-0.3045606494746895,-0.05,-0.04434574976122255,1000000.0,-0.31599408230028475,-0.2931272166490943,1.0,1.0,-44.61479816733171,0.0,-171453716.92539808,False,False,False
tasb_dev.small,,0.15,15.0,BM25,RR@10,6980,0.18427616318733797,0.16950595806613,-0.014770205121207984,-0.05,-0.009213808159366899,1000000.0,-0.019158964550086664,-0.010381445692329305,0.993453143571211,0.993453143571211,-2.48184643833216,0.0,-446664716.7280849,False,False,False
tasb_dev.small,,0.15,15.0,BM25,nDCG@10,6980,0.2299347532023317,0.20868750733733843,-0.02124724586499328,-0.05,-0.011496737660116586,1000000.0,-0.0257230366328186,-0.01677145509716796,0.9999901198648172,0.9999901198648172,-4.270521304355349,0.0,-437979365.31721264,False,False,False
tasb_dev.small,,0.15,15.0,BM25,R@100,6980,0.6777578796561604,0.58932664756447,-0.08843123209169054,-0.05,-0.033887893982808025,1000000.0,-0.0966090629818601,-0.08025340120152098,1.0,1.0,-13.074557669466666,0.0,-239709546.188129,False,False,False
tasb_dev.small,,0.15,15.0,SPLADE,RR@10,6980,0.29693398371765134,0.26962932642015736,-0.027304657297493973,-0.05,-0.014846699185882568,1000000.0,-0.031812136058872155,-0.022797178536115792,0.9999999688536618,0.9999999688536618,-5.4179699759669955,0.0,-434900332.41105574,False,False,False
tasb_dev.small,,0.15,15.0,SPLADE,nDCG@10,6980,0.3525535290063942,0.31830346742305204,-0.03425006158334213,-0.05,-0.01762767645031971,1000000.0,-0.038922830272890604,-0.029577292893793655,0.9999999999983108,0.9999999999983108,-6.973366227771816,0.0,-419516598.298314,False,False,False
tasb_dev.small,,0.15,15.0,SPLADE,R@100,6980,0.8166905444126075,0.7199617956064949,-0.09672874880611271,-0.05,-0.04083452722063038,1000000.0,-0.10417764303401723,-0.08927985457820818,1.0,1.0,-14.709520696422489,0.0,-263167134.31208414,False,False,False
tasb_dev.small,,0.15,15.0,TAS-B,RR@10,6980,0.3472977213808159,0.31497430299722556,-0.0323234183835903,-0.05,-0.017364886069040793,1000000.0,-0.03728794087868049,-0.027358895888500108,0.9999999981713455,0.9999999981713455,-5.90656405184639,0.0,-394862551.9244073,False,False,False
tasb_dev.small,,0.15,15.0,TAS-B,nDCG@10,6980,0.4106574638556805,0.36946018713596185,-0.04119727671971876,-0.05,-0.02053287319278403,1000000.0,-0.046308085001748905,-0.03608646843768862,0.9999999999999987,0.9999999999999987,-7.92604805168536,0.0,-383560472.37878656,False,False,False
tasb_dev.small,,0.15,15.0,TAS-B,R@100,6980,0.8869149952244508,0.780730659025788,-0.10618433619866285,-0.05,-0.04434574976122255,1000000.0,-0.11391896429524578,-0.09844970810207992,1.0,1.0,-15.672689655532682,0.0,-253445174.32626444,False,False,False
tasb_dev.small,,0.3,30.0,BM25,RR@10,6980,0.18427616318733797,0.1509004184290717,-0.03337574475826625,-0.05,-0.009213808159366899,1000000.0,-0.038516051006952795,-0.028235438509579703,1.0,1.0,-9.214380945318368,0.0,-381359383.8034878,False,False,False
tasb_dev.small,,0.3,30.0,BM25,nDCG@10,6980,0.2299347532023317,0.1839527826693734,-0.0459819705329583,-0.05,-0.011496737660116586,1000000.0,-0.05140251427131661,-0.04056142679459999,1.0,1.0,-12.471357443242116,0.0,-361643433.37003595,False,False,False
tasb_dev.small,,0.3,30.0,BM25,R@100,6980,0.6777578796561604,0.5029130850047755,-0.1748447946513849,-0.05,-0.033887893982808025,1000000.0,-0.1851173222161403,-0.16457226708662948,1.0,1.0,-26.898771365180604,0.0,-190829792.23228076,False,False,False
tasb_dev.small,,0.3,30.0,SPLADE,RR@10,6980,0.29693398371765134,0.2385071292127166,-0.05842685450493473,-0.05,-0.014846699185882568,1000000.0,-0.06461248042842932,-0.052241228581440154,1.0,1.0,-13.811108532045848,0.0,-316912806.7092409,False,False,False
tasb_dev.small,,0.3,30.0,SPLADE,nDCG@10,6980,0.3525535290063942,0.2796844460272065,-0.0728690829791877,-0.05,-0.01762767645031971,1000000.0,-0.07931367287382216,-0.06642449308455325,1.0,1.0,-16.803233354161463,0.0,-304178253.8577588,False,False,False
tasb_dev.small,,0.3,30.0,SPLADE,R@100,6980,0.8166905444126075,0.6138490926456543,-0.20284145176695323,-0.05,-0.04083452722063038,1000000.0,-0.21299260439004858,-0.19269029914385788,1.0,1.0,-31.285394597523734,0.0,-193111504.53049383,False,False,False
tasb_dev.small,,0.3,30.0,TAS-B,RR@10,6980,0.3472977213808159,0.2776319529722109,-0.06966576840860508,-0.05,-0.017364886069040793,1000000.0,-0.07629830727675659,-0.06303322954045358,1.0,1.0,-15.457976003193385,0.0,-295558629.0059891,False,False,False
tasb_dev.small,,0.3,30.0,TAS-B,nDCG@10,6980,0.4106574638556805,0.3228209101497531,-0.08783655370592744,-0.05,-0.02053287319278403,1000000.0,-0.0947190924479126,-0.08095401496394228,1.0,1.0,-19.169622758829114,0.0,-284822825.38588905,False,False,False
tasb_dev.small,,0.3,30.0,TAS-B,R@100,6980,0.8869149952244508,0.6616284622731613,-0.2252865329512894,-0.05,-0.04434574976122255,1000000.0,-0.2356806849318404,-0.21489238097073837,1.0,1.0,-34.12485541283168,0.0,-188596857.48599878,False,False,False
tasb_dev.small,,0.45,45.0,BM25,RR@10,6980,0.18427616318733797,0.12996901578205303,-0.05430714740528494,-0.05,-0.009213808159366899,1000000.0,-0.06015783817130778,-0.0484564566392621,1.0,1.0,-15.108754665789535,0.0,-335055148.6973896,False,False,False
tasb_dev.small,,0.45,45.0,BM25,nDCG@10,6980,0.2299347532023317,0.1570652628699256,-0.0728694903324061,-0.05,-0.011496737660116586,1000000.0,-0.07907720259580403,-0.06666177806900817,1.0,1.0,-19.38060993812827,0.0,-315785271.2566044,False,False,False
tasb_dev.small,,0.45,45.0,BM25,R@100,6980,0.6777578796561604,0.41807545367717286,-0.2596824259789876,-0.05,-0.033887893982808025,1000000.0,-0.2713146227340686,-0.24805022922390663,1.0,1.0,-38.05179057031672,0.0,-168524012.14189655,False,False,False
tasb_dev.small,,0.45,45.0,SPLADE,RR@10,6980,0.29693398371765134,0.20680038204393505,-0.09013360167371628,-0.05,-0.014846699185882568,1000000.0,-0.09737205561070843,-0.08289514773672414,1.0,1.0,-20.389051892461826,0.0,-270818071.35703784,False,False,False
tasb_dev.small,,0.45,45.0,SPLADE,nDCG@10,6980,0.3525535290063942,0.2400052763682527,-0.1125482526381415,-0.05,-0.01762767645031971,1000000.0,-0.1200989666384464,-0.1049975386378366,1.0,1.0,-24.643123975005025,0.0,-259618385.58358067,False,False,False
tasb_dev.small,,0.45,45.0,SPLADE,R@100,6980,0.8166905444126075,0.5069961795606495,-0.309694364851958,-0.05,-0.04083452722063038,1000000.0,-0.32138986312139645,-0.29799886658251956,1.0,1.0,-45.06409147775331,0.0,-167611889.640588,False,False,False
tasb_dev.small,,0.45,45.0,TAS-B,RR@10,6980,0.3472977213808159,0.23783639195888479,-0.10946132942193114,-0.05,-0.017364886069040793,1000000.0,-0.11728660854973279,-0.10163605029412949,1.0,1.0,-23.071000981076367,0.0,-250509169.15495357,False,False,False
tasb_dev.small,,0.45,45.0,TAS-B,nDCG@10,6980,0.4106574638556805,0.2745094920686844,-0.1361479717869961,-0.05,-0.02053287319278403,1000000.0,-0.14423990055283017,-0.12805604302116205,1.0,1.0,-28.008246482739892,0.0,-242254261.22162202,False,False,False
tasb_dev.small,,0.45,45.0,TAS-B,R@100,6980,0.8869149952244508,0.5404966571155683,-0.3464183381088825,-0.05,-0.04434574976122255,1000000.0,-0.3581474559060454,-0.3346892203117196,1.0,1.0,-50.48581665066461,0.0,-167131464.7119599,False,False,False
tasb_dev.small,,0.6,60.0,BM25,RR@10,6980,0.18427616318733797,0.10282684086050847,-0.08144932232682948,-0.05,-0.009213808159366899,1000000.0,-0.08797819971051424,-0.07492044494314473,1.0,1.0,-21.688807434821673,0.0,-300251329.99094427,False,False,False
tasb_dev.small,,0.6,60.0,BM25,nDCG@10,6980,0.2299347532023317,0.12261491185509547,-0.10731984134723623,-0.05,-0.011496737660116586,1000000.0,-0.11425821379096618,-0.10038146890350627,1.0,1.0,-27.072978708179203,0.0,-282530836.2171751,False,False,False
tasb_dev.small,,0.6,60.0,BM25,R@100,6980,0.6777578796561604,0.31973495702005733,-0.35802292263610314,-0.05,-0.033887893982808025,1000000.0,-0.3704769190521631,-0.34556892622004315,1.0,1.0,-51.020022682795904,0.0,-157403663.40876463,False,False,False
tasb_dev.small,,0.6,60.0,SPLADE,RR@10,6980,0.29693398371765134,0.16058062718879335,-0.13635335652885797,-0.05,-0.014846699185882568,1000000.0,-0.1444752387921694,-0.12823147426554654,1.0,1.0,-29.326943386632806,0.0,-241360827.68435603,False,False,False
tasb_dev.small,,0.6,60.0,SPLADE,nDCG@10,6980,0.3525535290063942,0.18577997143012756,-0.16677355757626663,-0.05,-0.01762767645031971,1000000.0,-0.1752225018025045,-0.15832461335002876,1.0,1.0,-34.60447285266566,0.0,-232017661.91957247,False,False,False
tasb_dev.small,,0.6,60.0,SPLADE,R@100,6980,0.8166905444126075,0.3800262655205348,-0.43666427889207265,-0.05,-0.04083452722063038,1000000.0,-0.4490684644726603,-0.424260093311485,1.0,1.0,-62.555225726625586,0.0,-158035753.4473103,False,False,False
tasb_dev.small,,0.6,60.0,TAS-B,RR@10,6980,0.3472977213808159,0.18510762041206166,-0.16219010096875425,-0.05,-0.017364886069040793,1000000.0,-0.1708955478118619,-0.1534846541256466,1.0,1.0,-32.61193217557193,0.0,-225181350.41254503,False,False,False
tasb_dev.small,,0.6,60.0,TAS-B,nDCG@10,6980,0.4106574638556805,0.21233981226225646,-0.19831765159342407,-0.05,-0.02053287319278403,1000000.0,-0.20727251920053258,-0.18936278398631556,1.0,1.0,-38.9187445404604,0.0,-218909361.13231564,False,False,False
tasb_dev.small,,0.6,60.0,TAS-B,R@100,6980,0.8869149952244508,0.40372492836676216,-0.48319006685768867,-0.05,-0.04434574976122255,1000000.0,-0.4955194990843651,-0.47086063463101224,1.0,1.0,-69.7735496649538,0.0,-158993931.69879514,False,False,False
tasb,test-2019_test-2020,0.15,15.0,BM25,RR@10,97,0.7986786123384061,0.8009450171821305,0.0022664048437244324,-0.05,-0.039933930616920306,1000000.0,-0.04496492829540667,0.04949773798285553,0.03965456222699596,0.03965456222699596,1.773547309875212,0.0,-42026853.25830202,True,True,False
tasb,test-2019_test-2020,0.15,15.0,BM25,nDCG@10,97,0.4873823836823968,0.4734711841055438,-0.013911199576852967,-0.05,-0.02436911918411984,1000000.0,-0.03815680342848267,0.010334404274776735,0.19701280196195736,0.19701280196195736,0.8561884652867511,0.0,-81869866.02980018,False,True,False
tasb,test-2019_test-2020,0.15,15.0,BM25,R@100,97,0.4769567428702133,0.41534187958958707,-0.061614863280626236,-0.05,-0.023847837143510665,1000000.0,-0.09079870940472123,-0.032431017156531246,0.9941268941761566,0.9941268941761566,-2.5687825400594315,0.0,-68016546.73599368,False,False,False
tasb,test-2019_test-2020,0.15,15.0,SPLADE,RR@10,97,0.8618106692848961,0.8569137620684012,-0.004896907216494845,-0.05,-0.04309053346424481,1000000.0,-0.017763103269824023,0.007969288836834332,2.8145768340967807e-08,2.8145768340967807e-08,5.892475801551764,0.0,-154279035.77900785,True,True,True
tasb,test-2019_test-2020,0.15,15.0,SPLADE,nDCG@10,97,0.5903063303445052,0.5701168681218586,-0.020189462222646583,-0.05,-0.029515316517225262,1000000.0,-0.03762521880750191,-0.0027537056377912594,0.14551606103890122,0.14551606103890122,1.0617075534561002,0.0,-113845610.42398001,False,True,False
tasb,test-2019_test-2020,0.15,15.0,SPLADE,R@100,97,0.4689618970534333,0.4088790698144043,-0.0600828272390288,-0.05,-0.023448094852671665,1000000.0,-0.08706510726497177,-0.033100547213085835,0.9958455087459304,0.9958455087459304,-2.6950787321952734,0.0,-73566223.0503116,False,False,False
tasb,test-2019_test-2020,0.15,15.0,TAS-B,RR@10,97,0.9354933726067747,0.9221076746849942,-0.013385697921780394,-0.05,-0.04677466863033874,1000000.0,-0.03083776945582397,0.004066373612263183,0.00012802380496702376,0.00012802380496702376,3.797634160814203,0.0,-113739181.86327223,True,True,True
tasb,test-2019_test-2020,0.15,15.0,TAS-B,nDCG@10,97,0.697936757957595,0.6654545444596247,-0.03248221349797045,-0.05,-0.03489683789787975,1000000.0,-0.0530091906244292,-0.011955236371511708,0.407936262509463,0.407936262509463,0.23349719359709867,0.0,-96701251.42045918,False,True,False
tasb,test-2019_test-2020,0.15,15.0,TAS-B,R@100,97,0.553444309695361,0.4910405108638632,-0.06240379883149778,-0.05,-0.02767221548476805,1000000.0,-0.08526539777313914,-0.03954219988985641,0.998359106224629,0.998359106224629,-3.0156091983713518,0.0,-86826141.97146203,False,False,False
tasb,test-2019_test-2020,0.3,30.0,BM25,RR@10,97,0.7986786123384061,0.8031786941580756,0.004500081819669451,-0.05,-0.039933930616920306,1000000.0,-0.04763388411650776,0.05663404775584667,0.046962852403352094,0.046962852403352094,1.691811010368574,0.0,-38074684.45865903,True,True,False
tasb,test-2019_test-2020,0.3,30.0,BM25,nDCG@10,97,0.4873823836823968,0.4602266793968167,-0.027155704285579986,-0.05,-0.02436911918411984,1000000.0,-0.05727316007201799,0.002961751500858017,0.5726656482742507,0.5726656482742507,-0.18365853172880714,0.0,-65908102.58044808,False,False,False
tasb,test-2019_test-2020,0.3,30.0,BM25,R@100,97,0.4769567428702133,0.3664267322021674,-0.11053001066804587,-0.05,-0.023847837143510665,1000000.0,-0.14836142163139737,-0.07269859970469437,0.9999920949470221,0.9999920949470221,-4.548145315074144,0.0,-52469217.5201785,False,False,False
tasb,test-2019_test-2020,0.3,30.0,SPLADE,RR@10,97,0.8618106692848961,0.8251268204876452,-0.036683848797250854,-0.05,-0.04309053346424481,1000000.0,-0.079528465823096,0.006160768228594293,0.38362233279115054,0.38362233279115054,0.2968206845036785,0.0,-46329843.09675311,False,True,False
tasb,test-2019_test-2020,0.3,30.0,SPLADE,nDCG@10,97,0.5903063303445052,0.5385802007383663,-0.05172612960613893,-0.05,-0.029515316517225262,1000000.0,-0.08162004490799442,-0.021832214304283445,0.9282333614619159,0.9282333614619159,-1.4748190420244127,0.0,-66400951.302734435,False,False,False
tasb,test-2019_test-2020,0.3,30.0,SPLADE,R@100,97,0.4689618970534333,0.3612624557992908,-0.10769944125414242,-0.05,-0.023448094852671665,1000000.0,-0.14333685270577523,-0.07206202980250963,0.9999955286436039,0.9999955286436039,-4.692753879143555,0.0,-55699458.64353102,False,False,False
tasb,test-2019_test-2020,0.3,30.0,TAS-B,RR@10,97,0.9354933726067747,0.9003436426116838,-0.03514972999509082,-0.05,-0.04677466863033874,1000000.0,-0.07352273090603179,0.003223270915850139,0.2745145886679241,0.2745145886679241,0.6013426176136947,0.0,-51728672.09185925,False,True,False
tasb,test-2019_test-2020,0.3,30.0,TAS-B,nDCG@10,97,0.697936757957595,0.6262963766743977,-0.07164038128319732,-0.05,-0.03489683789787975,1000000.0,-0.10553370815975627,-0.03774705440663837,0.9830435874692331,0.9830435874692331,-2.1519090597257864,0.0,-58565642.16801306,False,False,False
tasb,test-2019_test-2020,0.3,30.0,TAS-B,R@100,97,0.553444309695361,0.4265941063176194,-0.12685020337774167,-0.05,-0.02767221548476805,1000000.0,-0.1600117757967904,-0.09368863095869293,0.9999999768717025,0.9999999768717025,-5.936592738397448,0.0,-59857974.71372203,False,False,False
tasb,test-2019_test-2020,0.45,45.0,BM25,RR@10,97,0.7986786123384061,0.7928244149893635,-0.00585419734904271,-0.05,-0.039933930616920306,1000000.0,-0.06201883365205157,0.05031043895396615,0.11568757428924777,0.11568757428924777,1.2044542675027479,0.0,-35342244.7613209,False,True,False
tasb,test-2019_test-2020,0.45,45.0,BM25,nDCG@10,97,0.4873823836823968,0.43117131006298587,-0.05621107361941084,-0.05,-0.02436911918411984,1000000.0,-0.0893020185398315,-0.023120128698990196,0.9704449630416768,0.9704449630416768,-1.910062712157048,0.0,-59985728.05589996,False,False,False
tasb,test-2019_test-2020,0.45,45.0,BM25,R@100,97,0.4769567428702133,0.3015336113597235,-0.17542313151048977,-0.05,-0.023847837143510665,1000000.0,-0.21788259314205508,-0.13296366987892447,0.9999999998845963,0.9999999998845963,-7.086161005641972,0.0,-46750113.71947073,False,False,False
tasb,test-2019_test-2020,0.45,45.0,SPLADE,RR@10,97,0.8618106692848961,0.8071264932089673,-0.05468417607592865,-0.05,-0.04309053346424481,1000000.0,-0.10336498383818846,-0.006003368313668843,0.6812629290133112,0.6812629290133112,-0.47273658255792306,0.0,-40775502.940958284,False,False,False
tasb,test-2019_test-2020,0.45,45.0,SPLADE,nDCG@10,97,0.5903063303445052,0.49187912129222705,-0.0984272090522782,-0.05,-0.029515316517225262,1000000.0,-0.13390224055089744,-0.06295217755365896,0.9998957244651181,0.9998957244651181,-3.8559240057423394,0.0,-55954411.40016306,False,False,False
tasb,test-2019_test-2020,0.45,45.0,SPLADE,R@100,97,0.4689618970534333,0.29874377785172346,-0.17021811920170973,-0.05,-0.023448094852671665,1000000.0,-0.21302338332704557,-0.1274128550763739,0.9999999995680036,0.9999999995680036,-6.806083356542784,0.0,-46372442.50144528,False,False,False
tasb,test-2019_test-2020,0.45,45.0,TAS-B,RR@10,97,0.9354933726067747,0.8874570446735395,-0.04803632793323515,-0.05,-0.04677466863033874,1000000.0,-0.09075835145578748,-0.005314304410682827,0.523311767841636,0.523311767841636,-0.05862020841368906,0.0,-46462789.99014481,False,False,False
tasb,test-2019_test-2020,0.45,45.0,TAS-B,nDCG@10,97,0.697936757957595,0.5833457476542105,-0.11459101030338449,-0.05,-0.03489683789787975,1000000.0,-0.15329118956124732,-0.07589083104552165,0.9999547450706082,0.9999547450706082,-4.0876214265399,0.0,-51291352.57400856,False,False,False
tasb,test-2019_test-2020,0.45,45.0,TAS-B,R@100,97,0.553444309695361,0.34959746902575545,-0.20384684066960548,-0.05,-0.02767221548476805,1000000.0,-0.24452594188632143,-0.16316773945288954,0.9999999999999235,0.9999999999999235,-8.59664684376209,0.0,-48796179.285989836,False,False,False
tasb,test-2019_test-2020,0.6,60.0,BM25,RR@10,97,0.7986786123384061,0.7158361970217639,-0.0828424153166421,-0.05,-0.039933930616920306,1000000.0,-0.1560837554094296,-0.00960107522385463,0.8761245491864852,0.8761245491864852,-1.1629042949325277,0.0,-27101968.279897522,False,False,False
tasb,test-2019_test-2020,0.6,60.0,BM25,nDCG@10,97,0.4873823836823968,0.3595093155097507,-0.12787306817264604,-0.05,-0.02436911918411984,1000000.0,-0.17334723710613606,-0.08239889923915603,0.9999911102928903,0.9999911102928903,-4.518031219530927,0.0,-43650815.65889126,False,False,False
tasb,test-2019_test-2020,0.6,60.0,BM25,R@100,97,0.4769567428702133,0.20745694650773522,-0.2694997963624782,-0.05,-0.023847837143510665,1000000.0,-0.32060763601585746,-0.21839195670909892,0.9999999999999992,0.9999999999999992,-9.54090974014134,0.0,-38839146.008642495,False,False,False
tasb,test-2019_test-2020,0.6,60.0,SPLADE,RR@10,97,0.8618106692848961,0.7284077892325316,-0.13340288005236456,-0.05,-0.04309053346424481,1000000.0,-0.2025700265491019,-0.06423573355562723,0.9944815626495653,0.9944815626495653,-2.5918170720462768,0.0,-28698373.09866868,False,False,False
tasb,test-2019_test-2020,0.6,60.0,SPLADE,nDCG@10,97,0.5903063303445052,0.4047428323507888,-0.1855634979937164,-0.05,-0.029515316517225262,1000000.0,-0.23644949837170523,-0.1346774976157276,0.9999999882212134,0.9999999882212134,-6.0871986356343,0.0,-39008463.33228956,False,False,False
tasb,test-2019_test-2020,0.6,60.0,SPLADE,R@100,97,0.4689618970534333,0.20638925558733293,-0.26257264146610027,-0.05,-0.023448094852671665,1000000.0,-0.31462551408045186,-0.21051976885174867,0.9999999999999941,0.9999999999999941,-9.118775769519292,0.0,-38134011.30500353,False,False,False
tasb,test-2019_test-2020,0.6,60.0,TAS-B,RR@10,97,0.9354933726067747,0.8163639338897071,-0.11912943871706758,-0.05,-0.04677466863033874,1000000.0,-0.1813413859010208,-0.05691749153311435,0.9884446572948926,0.9884446572948926,-2.308609358615869,0.0,-31906806.29448432,False,False,False
tasb,test-2019_test-2020,0.6,60.0,TAS-B,nDCG@10,97,0.697936757957595,0.466384439497517,-0.23155231846007807,-0.05,-0.03489683789787975,1000000.0,-0.2835678406747683,-0.17953679624538782,0.9999999999843627,0.9999999999843627,-7.504645288023495,0.0,-38161392.72746043,False,False,False
tasb,test-2019_test-2020,0.6,60.0,TAS-B,R@100,97,0.553444309695361,0.24181780007370002,-0.311626509621661,-0.05,-0.02767221548476805,1000000.0,-0.36168054862372534,-0.26157247061959665,1.0,1.0,-11.260726013146526,0.0,-39656838.28277846,False,False,False
