scorer,qrels_variant,threshold,pruning_percent,pipeline,metric,n_queries,mean_full,mean_pruned,mean_diff_pruned_minus_full,lower_bound_relative,lower_bound_absolute,upper_bound_absolute,ci95_low,ci95_high,p_noninferiority,t_noninferiority,passes_pruning_tost_p_lt_0.05,margin_respected_by_mean,margin_respected_by_ci
cdd,dev.small,0.15,15.0,BM25,RR@10,6980,0.18427616318733797,0.16751455405466867,-0.0167616091326693,-0.05,-0.009213808159366899,1000000.0,-0.02236816921650487,-0.011155049048833729,0.995833808936585,-2.639048525642115,False,False,False
cdd,dev.small,0.15,15.0,BM25,nDCG@10,6980,0.2299347532023317,0.20533929388448496,-0.024595459317846725,-0.05,-0.011496737660116586,1000000.0,-0.030231803330320023,-0.018959115305373427,0.9999973450091327,-4.5556970715974145,False,False,False
cdd,dev.small,0.15,15.0,BM25,R@100,6980,0.6777578796561604,0.5707139446036295,-0.10704393505253106,-0.05,-0.033887893982808025,1000000.0,-0.1159534373700411,-0.09813443273502101,1.0,-16.096081661994486,False,False,False
cdd,dev.small,0.15,15.0,SPLADE,RR@10,6980,0.29693398371765134,0.25488004275253556,-0.04205394096511575,-0.05,-0.014846699185882568,1000000.0,-0.047407992592332526,-0.03669988933789897,1.0,-9.96151465529609,False,False,False
cdd,dev.small,0.15,15.0,SPLADE,nDCG@10,6980,0.3525535290063942,0.3004916570363618,-0.052061871970032404,-0.05,-0.01762767645031971,1000000.0,-0.05762017867097147,-0.04650356526909334,1.0,-12.14425424941716,False,False,False
cdd,dev.small,0.15,15.0,SPLADE,R@100,6980,0.8166905444126075,0.6897803247373447,-0.12691021967526267,-0.05,-0.04083452722063038,1000000.0,-0.13517707727251665,-0.11864336207800867,1.0,-20.410962525103223,False,False,False
cdd,dev.small,0.15,15.0,TAS-B,RR@10,6980,0.3472977213808159,0.29809830809114474,-0.04919941328967117,-0.05,-0.017364886069040793,1000000.0,-0.055157635948804164,-0.04324119063053818,1.0,-10.473819675110636,False,False,False
cdd,dev.small,0.15,15.0,TAS-B,nDCG@10,6980,0.4106574638556805,0.3497671753542835,-0.06089028850139707,-0.05,-0.02053287319278403,1000000.0,-0.06699199323392208,-0.054788583768872065,1.0,-12.965688186747407,False,False,False
cdd,dev.small,0.15,15.0,TAS-B,R@100,6980,0.8869149952244508,0.7474808978032473,-0.13943409742120344,-0.05,-0.04434574976122255,1000000.0,-0.14798282778071883,-0.13088536706168805,1.0,-21.804648930443292,False,False,False
cdd,dev.small,0.3,30.0,BM25,RR@10,6980,0.18427616318733797,0.14694728703324691,-0.03732887615409105,-0.05,-0.009213808159366899,1000000.0,-0.04401551137624645,-0.030642240931935648,0.9999999999999999,-8.242423467432761,False,False,False
cdd,dev.small,0.3,30.0,BM25,nDCG@10,6980,0.2299347532023317,0.1775371589446228,-0.05239759425770888,-0.05,-0.011496737660116586,1000000.0,-0.059284490644786,-0.045510697870631764,1.0,-11.642125359947253,False,False,False
cdd,dev.small,0.3,30.0,BM25,R@100,6980,0.6777578796561604,0.4776862464183381,-0.20007163323782234,-0.05,-0.033887893982808025,1000000.0,-0.2110996315255297,-0.18904363495011497,1.0,-29.540323940945253,False,False,False
cdd,dev.small,0.3,30.0,SPLADE,RR@10,6980,0.29693398371765134,0.21781132032564696,-0.07912266339200436,-0.05,-0.014846699185882568,1000000.0,-0.08616534811508308,-0.07207997866892563,1.0,-17.890965164636828,False,False,False
cdd,dev.small,0.3,30.0,SPLADE,nDCG@10,6980,0.3525535290063942,0.2543846885721841,-0.09816884043421009,-0.05,-0.01762767645031971,1000000.0,-0.10548033536477795,-0.09085734550364223,1.0,-21.594101349948406,False,False,False
cdd,dev.small,0.3,30.0,SPLADE,R@100,6980,0.8166905444126075,0.5690305635148042,-0.24765998089780322,-0.05,-0.04083452722063038,1000000.0,-0.25844472214214553,-0.2368752396534609,1.0,-37.59392518562813,False,False,False
cdd,dev.small,0.3,30.0,TAS-B,RR@10,6980,0.3472977213808159,0.2561958202574248,-0.09110190112339109,-0.05,-0.017364886069040793,1000000.0,-0.0988894354673183,-0.08331436677946387,1.0,-18.561325843105536,False,False,False
cdd,dev.small,0.3,30.0,TAS-B,nDCG@10,6980,0.4106574638556805,0.2980109079381938,-0.11264655591748672,-0.05,-0.02053287319278403,1000000.0,-0.12063614358672577,-0.10465696824824768,1.0,-22.600767939342955,False,False,False
cdd,dev.small,0.3,30.0,TAS-B,R@100,6980,0.8869149952244508,0.6148161413562558,-0.2720988538681948,-0.05,-0.04434574976122255,1000000.0,-0.283041020916773,-0.2611566868196166,1.0,-40.802275223549124,False,False,False
cdd,dev.small,0.45,45.0,BM25,RR@10,6980,0.18427616318733797,0.13142777550370674,-0.05284838768363124,-0.05,-0.009213808159366899,1000000.0,-0.06010385460638212,-0.045592920760880354,1.0,-11.789322432812444,False,False,False
cdd,dev.small,0.45,45.0,BM25,nDCG@10,6980,0.2299347532023317,0.15639624377247976,-0.07353850942985193,-0.05,-0.011496737660116586,1000000.0,-0.08110894796154922,-0.06596807089815465,1.0,-16.065216071779293,False,False,False
cdd,dev.small,0.45,45.0,BM25,R@100,6980,0.6777578796561604,0.39376790830945557,-0.2839899713467049,-0.05,-0.033887893982808025,1000000.0,-0.2960931201344622,-0.2718868225589476,1.0,-40.50814385508005,False,False,False
cdd,dev.small,0.45,45.0,SPLADE,RR@10,6980,0.29693398371765134,0.18618996452449174,-0.1107440191931596,-0.05,-0.014846699185882568,1000000.0,-0.11884999507635612,-0.10263804330996308,1.0,-23.191272549228138,False,False,False
cdd,dev.small,0.45,45.0,SPLADE,nDCG@10,6980,0.3525535290063942,0.21505339204028157,-0.13750013696611263,-0.05,-0.01762767645031971,1000000.0,-0.14590077167442236,-0.1290995022578029,1.0,-27.97246481719916,False,False,False
cdd,dev.small,0.45,45.0,SPLADE,R@100,6980,0.8166905444126075,0.4543696275071633,-0.3623209169054441,-0.05,-0.04083452722063038,1000000.0,-0.374454481159941,-0.3501873526509472,1.0,-51.93948199942071,False,False,False
cdd,dev.small,0.45,45.0,TAS-B,RR@10,6980,0.3472977213808159,0.2156323623049984,-0.13166535907581753,-0.05,-0.017364886069040793,1000000.0,-0.140461161011687,-0.12286955713994804,1.0,-25.47393305185771,False,False,False
cdd,dev.small,0.45,45.0,TAS-B,nDCG@10,6980,0.4106574638556805,0.24732440814561896,-0.1633330557100616,-0.05,-0.02053287319278403,1000000.0,-0.17235223301976133,-0.15431387840036187,1.0,-31.037394365202452,False,False,False
cdd,dev.small,0.45,45.0,TAS-B,R@100,6980,0.8869149952244508,0.4888490926456543,-0.39806590257879654,-0.05,-0.04434574976122255,1000000.0,-0.41009983906231273,-0.38603196609528034,1.0,-57.62029877669348,False,False,False
cdd,dev.small,0.6,60.0,BM25,RR@10,6980,0.18427616318733797,0.10866318733797244,-0.07561297584936554,-0.05,-0.009213808159366899,1000000.0,-0.08347268548988794,-0.06775326620884313,1.0,-16.560732799645393,False,False,False
cdd,dev.small,0.6,60.0,BM25,nDCG@10,6980,0.2299347532023317,0.1276248507172909,-0.1023099024850408,-0.05,-0.011496737660116586,1000000.0,-0.11054534658785851,-0.09407445838222307,1.0,-21.616491379747057,False,False,False
cdd,dev.small,0.6,60.0,BM25,R@100,6980,0.6777578796561604,0.30198185291308494,-0.3757760267430755,-0.05,-0.033887893982808025,1000000.0,-0.38862503460372205,-0.3629270188824289,1.0,-52.16003189955011,False,False,False
cdd,dev.small,0.6,60.0,SPLADE,RR@10,6980,0.29693398371765134,0.14987401646427434,-0.14705996725337697,-0.05,-0.014846699185882568,1000000.0,-0.15598382736608643,-0.1381361071406675,1.0,-29.043282776405057,False,False,False
cdd,dev.small,0.6,60.0,SPLADE,nDCG@10,6980,0.3525535290063942,0.17039132735240303,-0.18216220165399113,-0.05,-0.01762767645031971,1000000.0,-0.19137854536875334,-0.17294585793922893,1.0,-34.99627303284984,False,False,False
cdd,dev.small,0.6,60.0,SPLADE,R@100,6980,0.8166905444126075,0.3408548233046801,-0.47583572110792743,-0.05,-0.04083452722063038,1000000.0,-0.488398676695125,-0.4632727655207299,1.0,-67.87690653297761,False,False,False
cdd,dev.small,0.6,60.0,TAS-B,RR@10,6980,0.3472977213808159,0.1724292195388184,-0.17486850184199756,-0.05,-0.017364886069040793,1000000.0,-0.18446889428992294,-0.1652681093940722,1.0,-32.16066042037897,False,False,False
cdd,dev.small,0.6,60.0,TAS-B,nDCG@10,6980,0.4106574638556805,0.19463594577003615,-0.2160215180856444,-0.05,-0.02053287319278403,1000000.0,-0.22580131615410276,-0.20624172001718605,1.0,-39.1845681956988,False,False,False
cdd,dev.small,0.6,60.0,TAS-B,R@100,6980,0.8869149952244508,0.3649474689589303,-0.5219675262655205,-0.05,-0.04434574976122255,1000000.0,-0.5343465550652817,-0.5095884974657592,1.0,-75.63467814133249,False,False,False
cdd,test-2019_test-2020,0.15,15.0,BM25,RR@10,97,0.7986786123384061,0.8059401080019636,0.007261495663557521,-0.05,-0.039933930616920306,1000000.0,-0.04858315870239374,0.06310615002950878,0.04834405793388181,1.6775496563890568,True,True,False
cdd,test-2019_test-2020,0.15,15.0,BM25,nDCG@10,97,0.4873823836823968,0.481941556859169,-0.005440826823227684,-0.05,-0.02436911918411984,1000000.0,-0.029339822853140886,0.01845816920668552,0.05960511300252047,1.5721314541169789,False,True,False
cdd,test-2019_test-2020,0.15,15.0,BM25,R@100,97,0.4769567428702133,0.4434186398449886,-0.03353810302522481,-0.05,-0.023847837143510665,1000000.0,-0.051328865808269786,-0.015747340242179827,0.8588373126000357,-1.0811804971115848,False,False,False
cdd,test-2019_test-2020,0.15,15.0,SPLADE,RR@10,97,0.8618106692848961,0.8489690721649484,-0.012841597119947635,-0.05,-0.04309053346424481,1000000.0,-0.04667841058138372,0.02099521634148845,0.039574672291093356,1.774507051391298,True,True,False
cdd,test-2019_test-2020,0.15,15.0,SPLADE,nDCG@10,97,0.5903063303445052,0.5672290679689383,-0.023077262375566905,-0.05,-0.029515316517225262,1000000.0,-0.04383573385778824,-0.0023187908933455723,0.2697993845353631,0.6156251185894939,False,True,False
cdd,test-2019_test-2020,0.15,15.0,SPLADE,R@100,97,0.4689618970534333,0.4267053027344551,-0.042256594318978075,-0.05,-0.023448094852671665,1000000.0,-0.05672330579906906,-0.027789882838887087,0.9943132313285653,-2.5807230907616714,False,False,False
cdd,test-2019_test-2020,0.15,15.0,TAS-B,RR@10,97,0.9354933726067747,0.9527491408934707,0.017255768286696123,-0.05,-0.04677466863033874,1000000.0,-0.0010756542618679428,0.035587190835260185,2.3751840466227503e-10,6.933417873276105,True,True,True
cdd,test-2019_test-2020,0.15,15.0,TAS-B,nDCG@10,97,0.697936757957595,0.6775061184509097,-0.02043063950668545,-0.05,-0.03489683789787975,1000000.0,-0.039054672681159905,-0.001806606332210997,0.06320190620511831,1.541834498736402,False,True,False
cdd,test-2019_test-2020,0.15,15.0,TAS-B,R@100,97,0.553444309695361,0.5030568247431806,-0.05038748495218035,-0.05,-0.02767221548476805,1000000.0,-0.06445933604938306,-0.036315633854977644,0.9990807017581945,-3.2042304323399304,False,False,False
cdd,test-2019_test-2020,0.3,30.0,BM25,RR@10,97,0.7986786123384061,0.791449844542628,-0.007228767795778102,-0.05,-0.039933930616920306,1000000.0,-0.0680055744139135,0.0535480388223573,0.14406394102581677,1.0681580477553971,False,True,False
cdd,test-2019_test-2020,0.3,30.0,BM25,nDCG@10,97,0.4873823836823968,0.4623582513203258,-0.02502413236207088,-0.05,-0.02436911918411984,1000000.0,-0.054208911136876904,0.004160646412735142,0.5177208555647824,-0.04455030795714944,False,False,False
cdd,test-2019_test-2020,0.3,30.0,BM25,R@100,97,0.4769567428702133,0.390997931725506,-0.0859588111447074,-0.05,-0.023847837143510665,1000000.0,-0.11328152706354386,-0.05863609522587093,0.9999909112210789,-4.512337255656566,False,False,False
cdd,test-2019_test-2020,0.3,30.0,SPLADE,RR@10,97,0.8618106692848961,0.8465635738831614,-0.01524709540173458,-0.05,-0.04309053346424481,1000000.0,-0.050695687108081644,0.020201496304612487,0.06112873680201312,1.5591250617516785,False,True,False
cdd,test-2019_test-2020,0.3,30.0,SPLADE,nDCG@10,97,0.5903063303445052,0.5414770081965913,-0.04882932214791388,-0.05,-0.029515316517225262,1000000.0,-0.0747328600621128,-0.022925784233714948,0.9289301321725125,-1.4800294190209367,False,False,False
cdd,test-2019_test-2020,0.3,30.0,SPLADE,R@100,97,0.4689618970534333,0.3665190652921869,-0.1024428317612463,-0.05,-0.023448094852671665,1000000.0,-0.12808813022810633,-0.07679753329438627,0.999999989575957,-6.114310334881421,False,False,False
cdd,test-2019_test-2020,0.3,30.0,TAS-B,RR@10,97,0.9354933726067747,0.9411062019309442,0.005612829324169529,-0.05,-0.04677466863033874,1000000.0,-0.028200312094712025,0.039425970743051084,0.0013691741747510287,3.075383037377125,True,True,True
cdd,test-2019_test-2020,0.3,30.0,TAS-B,nDCG@10,97,0.697936757957595,0.6400590305696123,-0.05787772738798287,-0.05,-0.03489683789787975,1000000.0,-0.08375850025420081,-0.03199695452176493,0.9594222676881403,-1.7625712083129508,False,False,False
cdd,test-2019_test-2020,0.3,30.0,TAS-B,R@100,97,0.553444309695361,0.4295895554273877,-0.12385475426797331,-0.05,-0.02767221548476805,1000000.0,-0.1479074932195646,-0.09980201531638201,0.9999999999980751,-7.937592093446602,False,False,False
cdd,test-2019_test-2020,0.45,45.0,BM25,RR@10,97,0.7986786123384061,0.7781214203894616,-0.020557191948944526,-0.05,-0.039933930616920306,1000000.0,-0.09108478123876118,0.049970397340872136,0.29338737723462616,0.5453542741481724,False,True,False
cdd,test-2019_test-2020,0.45,45.0,BM25,nDCG@10,97,0.4873823836823968,0.43313586840407725,-0.0542465152783195,-0.05,-0.02436911918411984,1000000.0,-0.09094528673992874,-0.01754774381671026,0.9453147692239704,-1.6160258274156367,False,False,False
cdd,test-2019_test-2020,0.45,45.0,BM25,R@100,97,0.4769567428702133,0.32129548768103894,-0.15566125518917445,-0.05,-0.023847837143510665,1000000.0,-0.19297239791101914,-0.11835011246732977,0.9999999998365199,-7.012585189912568,False,False,False
cdd,test-2019_test-2020,0.45,45.0,SPLADE,RR@10,97,0.8618106692848961,0.816179839633448,-0.0456308296514482,-0.05,-0.04309053346424481,1000000.0,-0.09878576986457435,0.007524110561677955,0.5376893955901896,-0.09486320665629497,False,False,False
cdd,test-2019_test-2020,0.45,45.0,SPLADE,nDCG@10,97,0.5903063303445052,0.4893180102984053,-0.1009883200460999,-0.05,-0.029515316517225262,1000000.0,-0.13427109665025483,-0.06770554344194496,0.9999763782536873,-4.262648888647897,False,False,False
cdd,test-2019_test-2020,0.45,45.0,SPLADE,R@100,97,0.4689618970534333,0.30186037303080665,-0.16710152402262657,-0.05,-0.023448094852671665,1000000.0,-0.2048722410343267,-0.12933080701092645,0.9999999999873985,-7.549494046185644,False,False,False
cdd,test-2019_test-2020,0.45,45.0,TAS-B,RR@10,97,0.9354933726067747,0.9061119293078056,-0.02938144329896908,-0.05,-0.04677466863033874,1000000.0,-0.0784982704698777,0.019735383871939544,0.24190286507043218,0.7029216135960351,False,True,False
cdd,test-2019_test-2020,0.45,45.0,TAS-B,nDCG@10,97,0.697936757957595,0.5811845546906024,-0.11675220326699279,-0.05,-0.03489683789787975,1000000.0,-0.15191218713149077,-0.08159221940249481,0.9999940650707357,-4.621208493681677,False,False,False
cdd,test-2019_test-2020,0.45,45.0,TAS-B,R@100,97,0.553444309695361,0.3542089356308192,-0.19923537406454178,-0.05,-0.02767221548476805,1000000.0,-0.2349021215656681,-0.16356862656341548,0.9999999999999993,-9.548114198156272,False,False,False
cdd,test-2019_test-2020,0.6,60.0,BM25,RR@10,97,0.7986786123384061,0.7019759450171822,-0.09670266732122401,-0.05,-0.039933930616920306,1000000.0,-0.17990363049431932,-0.013501704148128707,0.9106014904440001,-1.3543719621255164,False,False,False
cdd,test-2019_test-2020,0.6,60.0,BM25,nDCG@10,97,0.4873823836823968,0.38005733733498365,-0.10732504634741305,-0.05,-0.02436911918411984,1000000.0,-0.15012076597018562,-0.06452932672464048,0.9998926588689719,-3.847726254380457,False,False,False
cdd,test-2019_test-2020,0.6,60.0,BM25,R@100,97,0.4769567428702133,0.24450894121445027,-0.2324478016557631,-0.05,-0.023847837143510665,1000000.0,-0.27958106289803386,-0.18531454041349232,0.9999999999999698,-8.78504151907481,False,False,False
cdd,test-2019_test-2020,0.6,60.0,SPLADE,RR@10,97,0.8618106692848961,0.7661184748813614,-0.09569219440353462,-0.05,-0.04309053346424481,1000000.0,-0.16359039771759779,-0.027793991089471448,0.9363057430463378,-1.5377943248660004,False,False,False
cdd,test-2019_test-2020,0.6,60.0,SPLADE,nDCG@10,97,0.5903063303445052,0.4257582440071839,-0.16454808633732135,-0.05,-0.029515316517225262,1000000.0,-0.20859420394848557,-0.12050196872615712,0.9999999881250552,-6.0853928603126475,False,False,False
cdd,test-2019_test-2020,0.6,60.0,SPLADE,R@100,97,0.4689618970534333,0.22565183557030508,-0.24331006148312811,-0.05,-0.023448094852671665,1000000.0,-0.2909663916976928,-0.19565373126856347,0.9999999999999952,-9.157703761470778,False,False,False
cdd,test-2019_test-2020,0.6,60.0,TAS-B,RR@10,97,0.9354933726067747,0.8509572901325478,-0.08453608247422681,-0.05,-0.04677466863033874,1000000.0,-0.14477829644912177,-0.024293868499331843,0.8917798375892368,-1.2442406929563496,False,False,False
cdd,test-2019_test-2020,0.6,60.0,TAS-B,nDCG@10,97,0.697936757957595,0.49889064153893153,-0.1990461164186636,-0.05,-0.03489683789787975,1000000.0,-0.24500928486943166,-0.15308294796789554,0.999999999886149,-7.08901830738448,False,False,False
cdd,test-2019_test-2020,0.6,60.0,TAS-B,R@100,97,0.553444309695361,0.2650851570829605,-0.28835915261240047,-0.05,-0.02767221548476805,1000000.0,-0.33355651271720443,-0.2431617925075965,1.0,-11.448887262874084,False,False,False
finetuned_qualt5,dev.small,0.15,15.0,BM25,RR@10,6980,0.18427616318733797,0.19812929230909174,0.013853129121753764,-0.05,-0.009213808159366899,1000000.0,0.00934990323714201,0.018356355006365517,7.248369020703772e-24,10.041292534030072,True,True,True
finetuned_qualt5,dev.small,0.15,15.0,BM25,nDCG@10,6980,0.2299347532023317,0.24255319938010064,0.012618446177768949,-0.05,-0.011496737660116586,1000000.0,0.008401083654035748,0.01683580870150215,3.243196377718362e-29,11.209159768101507,True,True,True
finetuned_qualt5,dev.small,0.15,15.0,BM25,R@100,6980,0.6777578796561604,0.6651146131805158,-0.0126432664756447,-0.05,-0.033887893982808025,1000000.0,-0.01879336209567216,-0.006493170855617238,6.886993799137879e-12,6.771590226296787,True,True,True
finetuned_qualt5,dev.small,0.15,15.0,SPLADE,RR@10,6980,0.29693398371765134,0.2916111224814663,-0.005322861236185018,-0.05,-0.014846699185882568,1000000.0,-0.007647111853530158,-0.0029986106188398774,5.562140185869566e-16,8.032531900859043,True,True,True
finetuned_qualt5,dev.small,0.15,15.0,SPLADE,nDCG@10,6980,0.3525535290063942,0.34603923970406825,-0.006514289302325925,-0.05,-0.01762767645031971,1000000.0,-0.008886581281344487,-0.004141997323307364,2.7060368344422902e-20,9.183362337842363,True,True,True
finetuned_qualt5,dev.small,0.15,15.0,SPLADE,R@100,6980,0.8166905444126075,0.7932784145176697,-0.02341212989493792,-0.05,-0.04083452722063038,1000000.0,-0.027636421057907624,-0.019187838731968214,3.637051275127099e-16,8.084952745947378,True,True,True
finetuned_qualt5,dev.small,0.15,15.0,TAS-B,RR@10,6980,0.3472977213808159,0.34008345840724064,-0.007214262973575294,-0.05,-0.017364886069040793,1000000.0,-0.010045107162519681,-0.004383418784630907,1.137779813889855e-12,7.029106974264288,True,True,True
finetuned_qualt5,dev.small,0.15,15.0,TAS-B,nDCG@10,6980,0.4106574638556805,0.40160318209275014,-0.009054281762930336,-0.05,-0.02053287319278403,1000000.0,-0.011861269857563658,-0.006247293668297014,6.343079190359066e-16,8.01625352696102,True,True,True
finetuned_qualt5,dev.small,0.15,15.0,TAS-B,R@100,6980,0.8869149952244508,0.860339063992359,-0.02657593123209169,-0.05,-0.04434574976122255,1000000.0,-0.030871723293376264,-0.022280139170807116,2.992316541062506e-16,8.108922662228785,True,True,True
finetuned_qualt5,dev.small,0.3,30.0,BM25,RR@10,6980,0.18427616318733797,0.2007211647791877,0.01644500159184973,-0.05,-0.009213808159366899,1000000.0,0.011172049526916042,0.021717953656783417,9.731651225767965e-22,9.539071415196409,True,True,True
finetuned_qualt5,dev.small,0.3,30.0,BM25,nDCG@10,6980,0.2299347532023317,0.2434862851842856,0.013551531981953902,-0.05,-0.011496737660116586,1000000.0,0.008446972150452748,0.018656091813455056,4.521625058075775e-22,9.61928623516813,True,True,True
finetuned_qualt5,dev.small,0.3,30.0,BM25,R@100,6980,0.6777578796561604,0.6394102196752628,-0.03834765998089781,-0.05,-0.033887893982808025,1000000.0,-0.046223876603196226,-0.030471443358599384,0.866478533447301,-1.1099868576055394,False,False,False
finetuned_qualt5,dev.small,0.3,30.0,SPLADE,RR@10,6980,0.29693398371765134,0.28651106335561927,-0.01042292036203211,-0.05,-0.014846699185882568,1000000.0,-0.013738665139991075,-0.007107175584073144,0.00446592778008392,2.615385597814394,True,True,True
finetuned_qualt5,dev.small,0.3,30.0,SPLADE,nDCG@10,6980,0.3525535290063942,0.337671487879409,-0.014882041126985194,-0.05,-0.01762767645031971,1000000.0,-0.018358734967420888,-0.011405347286549497,0.06082143400298136,1.5481028928477316,False,True,False
finetuned_qualt5,dev.small,0.3,30.0,SPLADE,R@100,6980,0.8166905444126075,0.7534264565425023,-0.06326408787010505,-0.05,-0.04083452722063038,1000000.0,-0.06965726673730423,-0.05687090900290589,0.9999999999966892,-6.877448204359084,False,False,False
finetuned_qualt5,dev.small,0.3,30.0,TAS-B,RR@10,6980,0.3472977213808159,0.3326043230090508,-0.014693398371765132,-0.05,-0.017364886069040793,1000000.0,-0.01849944379311114,-0.010887352950419123,0.08444064449195997,1.3759499236934907,False,True,False
finetuned_qualt5,dev.small,0.3,30.0,TAS-B,nDCG@10,6980,0.4106574638556805,0.3905147210561467,-0.020142742799533826,-0.05,-0.02053287319278403,1000000.0,-0.024085288573261417,-0.016200197025806235,0.42309868074638407,0.1939797780340181,False,True,False
finetuned_qualt5,dev.small,0.3,30.0,TAS-B,R@100,6980,0.8869149952244508,0.8148638968481375,-0.07205109837631327,-0.05,-0.04434574976122255,1000000.0,-0.07873487632137251,-0.06536732043125403,0.9999999999999998,-8.125779311950996,False,False,False
finetuned_qualt5,dev.small,0.45,45.0,BM25,RR@10,6980,0.18427616318733797,0.19604317323873197,0.011767010051394008,-0.05,-0.009213808159366899,1000000.0,0.005674396065374879,0.01785962403741314,7.9534901364686e-12,6.750596883015682,True,True,True
finetuned_qualt5,dev.small,0.45,45.0,BM25,nDCG@10,6980,0.2299347532023317,0.23492755732618875,0.00499280412385703,-0.05,-0.011496737660116586,1000000.0,-0.0011016412337602772,0.011087249481474337,5.840854811381016e-08,5.303930403860801,True,True,True
finetuned_qualt5,dev.small,0.45,45.0,BM25,R@100,6980,0.6777578796561604,0.5918935052531041,-0.08586437440305636,-0.05,-0.033887893982808025,1000000.0,-0.0957093161561869,-0.07601943264992582,1.0,-10.349446736469826,False,False,False
finetuned_qualt5,dev.small,0.45,45.0,SPLADE,RR@10,6980,0.29693398371765134,0.27322247237003683,-0.023711511347614497,-0.05,-0.014846699185882568,1000000.0,-0.028291503844993956,-0.01913151885023504,0.9999253344679749,-3.7942696147860597,False,False,False
finetuned_qualt5,dev.small,0.45,45.0,SPLADE,nDCG@10,6980,0.3525535290063942,0.31936756080218875,-0.03318596820420553,-0.05,-0.01762767645031971,1000000.0,-0.03800956546431036,-0.028362370944100698,0.9999999998637064,-6.322870518066149,False,False,False
finetuned_qualt5,dev.small,0.45,45.0,SPLADE,R@100,6980,0.8166905444126075,0.6890401146131805,-0.12765042979942692,-0.05,-0.04083452722063038,1000000.0,-0.13634329360653155,-0.11895756599232228,1.0,-19.577616908604245,False,False,False
finetuned_qualt5,dev.small,0.45,45.0,TAS-B,RR@10,6980,0.3472977213808159,0.3154203620321099,-0.03187735934870605,-0.05,-0.017364886069040793,1000000.0,-0.03701089602981005,-0.02674382266760205,0.9999999844816359,-5.5417659558476995,False,False,False
finetuned_qualt5,dev.small,0.45,45.0,TAS-B,nDCG@10,6980,0.4106574638556805,0.3671228631329111,-0.04353460072276947,-0.05,-0.02053287319278403,1000000.0,-0.04889146203925521,-0.03817773940628373,1.0,-8.41731283618975,False,False,False
finetuned_qualt5,dev.small,0.45,45.0,TAS-B,R@100,6980,0.8869149952244508,0.7405682903533906,-0.14634670487106016,-0.05,-0.04434574976122255,1000000.0,-0.15535775981971506,-0.13733564992240527,1.0,-22.189729967752715,False,False,False
finetuned_qualt5,dev.small,0.6,60.0,BM25,RR@10,6980,0.18427616318733797,0.18842571746941372,0.004149554282075774,-0.05,-0.009213808159366899,1000000.0,-0.002660142854020343,0.010959251418171891,6.034274458645877e-05,3.846904166864812,True,True,True
finetuned_qualt5,dev.small,0.6,60.0,BM25,nDCG@10,6980,0.2299347532023317,0.22214549960873783,-0.007789253593593866,-0.05,-0.011496737660116586,1000000.0,-0.014738585662738307,-0.0008399215244494244,0.14783868018322402,1.0458265079304145,False,True,False
finetuned_qualt5,dev.small,0.6,60.0,BM25,R@100,6980,0.6777578796561604,0.5248567335243552,-0.15290114613180517,-0.05,-0.033887893982808025,1000000.0,-0.1646286439271029,-0.14117364833650742,1.0,-19.89359992475032,False,False,False
finetuned_qualt5,dev.small,0.6,60.0,SPLADE,RR@10,6980,0.29693398371765134,0.2511738186200937,-0.04576016509755765,-0.05,-0.014846699185882568,1000000.0,-0.0516101848013215,-0.0399101453937938,1.0,-10.358903500324766,False,False,False
finetuned_qualt5,dev.small,0.6,60.0,SPLADE,nDCG@10,6980,0.3525535290063942,0.2909566052883615,-0.061596923718032735,-0.05,-0.01762767645031971,1000000.0,-0.0677447558314958,-0.05544909160456967,1.0,-14.020078600764755,False,False,False
finetuned_qualt5,dev.small,0.6,60.0,SPLADE,R@100,6980,0.8166905444126075,0.5978032473734478,-0.21888729703915952,-0.05,-0.04083452722063038,1000000.0,-0.22968180051769074,-0.2080927935606283,1.0,-32.33474796929014,False,False,False
finetuned_qualt5,dev.small,0.6,60.0,TAS-B,RR@10,6980,0.3472977213808159,0.2909970095965798,-0.05630071178423614,-0.05,-0.017364886069040793,1000000.0,-0.06271948868627918,-0.04988193488219309,1.0,-11.891058752705336,False,False,False
finetuned_qualt5,dev.small,0.6,60.0,TAS-B,nDCG@10,6980,0.4106574638556805,0.3347545705350032,-0.07590289332067736,-0.05,-0.02053287319278403,1000000.0,-0.08257606174426202,-0.0692297248970927,1.0,-16.2654473450779,False,False,False
finetuned_qualt5,dev.small,0.6,60.0,TAS-B,R@100,6980,0.8869149952244508,0.6365329512893982,-0.25038204393505253,-0.05,-0.04434574976122255,1000000.0,-0.2612787003940374,-0.23948538747606765,1.0,-37.065843500565585,False,False,False
finetuned_qualt5,test-2019_test-2020,0.15,15.0,BM25,RR@10,97,0.7986786123384061,0.8098469972181311,0.011168384879725084,-0.05,-0.039933930616920306,1000000.0,-0.04359263842451781,0.06592940818396797,0.03352320096566194,1.852363020686835,True,True,False
finetuned_qualt5,test-2019_test-2020,0.15,15.0,BM25,nDCG@10,97,0.4873823836823968,0.5054054718443594,0.018023088161962623,-0.05,-0.02436911918411984,1000000.0,-0.006997254435487783,0.043043430759413026,0.0005540250772222986,3.363178029453458,True,True,True
finetuned_qualt5,test-2019_test-2020,0.15,15.0,BM25,R@100,97,0.4769567428702133,0.46551137336618253,-0.011445369504030833,-0.05,-0.023847837143510665,1000000.0,-0.026835013777311276,0.0039442747692496095,0.05647639844373314,1.5996928357455085,False,True,False
finetuned_qualt5,test-2019_test-2020,0.15,15.0,SPLADE,RR@10,97,0.8618106692848961,0.8653330060546556,0.003522336769759449,-0.05,-0.04309053346424481,1000000.0,-0.01193848643493423,0.01898315997445313,1.867178221872023e-08,5.984533611498781,True,True,True
finetuned_qualt5,test-2019_test-2020,0.15,15.0,SPLADE,nDCG@10,97,0.5903063303445052,0.5853861580462856,-0.004920172298219585,-0.05,-0.029515316517225262,1000000.0,-0.01568785461943887,0.005847510022999698,8.352736810633835e-06,4.534028211285567,True,True,True
finetuned_qualt5,test-2019_test-2020,0.15,15.0,SPLADE,R@100,97,0.4689618970534333,0.4520200962103824,-0.016941800843050796,-0.05,-0.023448094852671665,1000000.0,-0.027124451717330987,-0.006759149968770603,0.10387486022636222,1.2683231208414203,False,True,False
finetuned_qualt5,test-2019_test-2020,0.15,15.0,TAS-B,RR@10,97,0.9354933726067747,0.9396170839469808,0.004123711340206186,-0.05,-0.04677466863033874,1000000.0,-0.006331679236566049,0.01457910191697842,3.9356384821734694e-16,9.663195744052903,True,True,True
finetuned_qualt5,test-2019_test-2020,0.15,15.0,TAS-B,nDCG@10,97,0.697936757957595,0.6937247182640284,-0.004212039693566743,-0.05,-0.03489683789787975,1000000.0,-0.015583185832793185,0.0071591064456596985,2.902629725092315e-07,5.356438330164666,True,True,True
finetuned_qualt5,test-2019_test-2020,0.15,15.0,TAS-B,R@100,97,0.553444309695361,0.5310193453917941,-0.022424964303566906,-0.05,-0.02767221548476805,1000000.0,-0.03272322797326407,-0.012126700633869747,0.15718261398128885,1.0114046025054972,False,True,False
finetuned_qualt5,test-2019_test-2020,0.3,30.0,BM25,RR@10,97,0.7986786123384061,0.8072164948453608,0.008537882506954676,-0.05,-0.039933930616920306,1000000.0,-0.054291366293013114,0.07136713130692246,0.06448149500618372,1.531385309232035,False,True,False
finetuned_qualt5,test-2019_test-2020,0.3,30.0,BM25,nDCG@10,97,0.4873823836823968,0.4996544494301745,0.012272065747777828,-0.05,-0.02436911918411984,1000000.0,-0.01820494058020076,0.042749072075756414,0.009486207151660575,2.386460679996441,True,True,True
finetuned_qualt5,test-2019_test-2020,0.3,30.0,BM25,R@100,97,0.4769567428702133,0.4412626946380597,-0.035694048232153684,-0.05,-0.023847837143510665,1000000.0,-0.05749426529663797,-0.013893831167669402,0.8582740634932864,-1.0786380288088857,False,False,False
finetuned_qualt5,test-2019_test-2020,0.3,30.0,SPLADE,RR@10,97,0.8618106692848961,0.861896579937817,8.59106529209619e-05,-0.05,-0.04309053346424481,1000000.0,-0.025747688125977417,0.02591950943181934,0.0006417578743237799,3.3175619445741225,True,True,True
finetuned_qualt5,test-2019_test-2020,0.3,30.0,SPLADE,nDCG@10,97,0.5903063303445052,0.5782938777862628,-0.01201245255824236,-0.05,-0.029515316517225262,1000000.0,-0.028288914998622218,0.004264009882137496,0.01767234363851616,2.1345492297669026,True,True,True
finetuned_qualt5,test-2019_test-2020,0.3,30.0,SPLADE,R@100,97,0.4689618970534333,0.421010286424692,-0.047951610628741134,-0.05,-0.023448094852671665,1000000.0,-0.06620243493494253,-0.02970078632253974,0.9954842353865917,-2.665035484250635,False,False,False
finetuned_qualt5,test-2019_test-2020,0.3,30.0,TAS-B,RR@10,97,0.9354933726067747,0.9396170839469808,0.004123711340206186,-0.05,-0.04677466863033874,1000000.0,-0.006331679236566049,0.01457910191697842,3.9356384821734694e-16,9.663195744052903,True,True,True
finetuned_qualt5,test-2019_test-2020,0.3,30.0,TAS-B,nDCG@10,97,0.697936757957595,0.6795804993247984,-0.01835625863279693,-0.05,-0.03489683789787975,1000000.0,-0.03494175627096603,-0.0017707609946278312,0.025305663138994582,1.9796083940987568,True,True,False
finetuned_qualt5,test-2019_test-2020,0.3,30.0,TAS-B,R@100,97,0.553444309695361,0.49229452275059143,-0.06114978694476954,-0.05,-0.02767221548476805,1000000.0,-0.07984041642908696,-0.04245915746045211,0.9997060695450398,-3.55538876804653,False,False,False
finetuned_qualt5,test-2019_test-2020,0.45,45.0,BM25,RR@10,97,0.7986786123384061,0.8228522336769759,0.024173621338569797,-0.05,-0.039933930616920306,1000000.0,-0.039283137353841556,0.08763038003098114,0.02387085858145649,2.005341708345487,True,True,True
finetuned_qualt5,test-2019_test-2020,0.45,45.0,BM25,nDCG@10,97,0.4873823836823968,0.48947350904261233,0.0020911253602156244,-0.05,-0.02436911918411984,1000000.0,-0.03369513114600622,0.03787738186643747,0.07272844580008911,1.4676911034449316,False,True,False
finetuned_qualt5,test-2019_test-2020,0.45,45.0,BM25,R@100,97,0.4769567428702133,0.4007008853882153,-0.07625585748199809,-0.05,-0.023847837143510665,1000000.0,-0.10599237436258618,-0.04651934060141,0.9996443971926289,-3.4983619160254085,False,False,False
finetuned_qualt5,test-2019_test-2020,0.45,45.0,SPLADE,RR@10,97,0.8618106692848961,0.8533055146457208,-0.008505154639175259,-0.05,-0.04309053346424481,1000000.0,-0.04076223801379554,0.023751928735445026,0.017938140155793394,2.128259197486365,True,True,True
finetuned_qualt5,test-2019_test-2020,0.45,45.0,SPLADE,nDCG@10,97,0.5903063303445052,0.5662914699082667,-0.024014860436238458,-0.05,-0.029515316517225262,1000000.0,-0.04570889535093742,-0.002320825521539494,0.3079577790078454,0.5032866900949995,False,True,False
finetuned_qualt5,test-2019_test-2020,0.45,45.0,SPLADE,R@100,97,0.4689618970534333,0.38295415554860374,-0.08600774150482954,-0.05,-0.023448094852671665,1000000.0,-0.11096735469609068,-0.06104812831356841,0.9999985713352206,-4.975234038600217,False,False,False
finetuned_qualt5,test-2019_test-2020,0.45,45.0,TAS-B,RR@10,97,0.9354933726067747,0.937039764359352,0.0015463917525773197,-0.05,-0.04677466863033874,1000000.0,-0.01975398455378006,0.0228467680589347,9.422960619770252e-06,4.503044706679844,True,True,True
finetuned_qualt5,test-2019_test-2020,0.45,45.0,TAS-B,nDCG@10,97,0.697936757957595,0.6614008480746697,-0.03653590988292555,-0.05,-0.03489683789787975,1000000.0,-0.05758056828596385,-0.015491251479887256,0.5612699045671243,-0.15460132987077585,False,False,False
finetuned_qualt5,test-2019_test-2020,0.45,45.0,TAS-B,R@100,97,0.553444309695361,0.4382103987077242,-0.11523391098763684,-0.05,-0.02767221548476805,1000000.0,-0.14117780155551807,-0.08929002041975562,0.999999999288837,-6.699403522747941,False,False,False
finetuned_qualt5,test-2019_test-2020,0.6,60.0,BM25,RR@10,97,0.7986786123384061,0.8263745704467353,0.027695958108329248,-0.05,-0.039933930616920306,1000000.0,-0.045910450504777066,0.10130236672143555,0.035645902408831406,1.8238122283051503,True,True,False
finetuned_qualt5,test-2019_test-2020,0.6,60.0,BM25,nDCG@10,97,0.4873823836823968,0.4698592256263194,-0.017523158056077317,-0.05,-0.02436911918411984,1000000.0,-0.05713144708968507,0.02208513097753043,0.3661412408967919,0.343087918414885,False,True,False
finetuned_qualt5,test-2019_test-2020,0.6,60.0,BM25,R@100,97,0.4769567428702133,0.3354455449212889,-0.14151119794892442,-0.05,-0.023847837143510665,1000000.0,-0.18255567560991065,-0.10046672028793817,0.999999931374501,-5.6904104656876715,False,False,False
finetuned_qualt5,test-2019_test-2020,0.6,60.0,SPLADE,RR@10,97,0.8618106692848961,0.8273482245131728,-0.034462444771723125,-0.05,-0.04309053346424481,1000000.0,-0.08316059610145221,0.014235706558005955,0.3629210120776867,0.35168933985176387,False,True,False
finetuned_qualt5,test-2019_test-2020,0.6,60.0,SPLADE,nDCG@10,97,0.5903063303445052,0.5212256099225003,-0.06908072042200494,-0.05,-0.029515316517225262,1000000.0,-0.10308728504766103,-0.03507415579634886,0.9884691829921326,-2.309457214949731,False,False,False
finetuned_qualt5,test-2019_test-2020,0.6,60.0,SPLADE,R@100,97,0.4689618970534333,0.31358406774952563,-0.15537782930390762,-0.05,-0.023448094852671665,1000000.0,-0.19196185526615758,-0.11879380334165765,0.999999999918048,-7.1582732141176,False,False,False
finetuned_qualt5,test-2019_test-2020,0.6,60.0,TAS-B,RR@10,97,0.9354933726067747,0.8968335787923416,-0.03865979381443299,-0.05,-0.04677466863033874,1000000.0,-0.08096212671007344,0.0036425390812074646,0.3521037598819222,0.3807803990231256,False,True,False
finetuned_qualt5,test-2019_test-2020,0.6,60.0,TAS-B,nDCG@10,97,0.697936757957595,0.602788613110302,-0.09514814484729323,-0.05,-0.03489683789787975,1000000.0,-0.13138433291051288,-0.058911956784073585,0.9993222224377861,-3.300509944234987,False,False,False
finetuned_qualt5,test-2019_test-2020,0.6,60.0,TAS-B,R@100,97,0.553444309695361,0.3568177898464306,-0.19662651984893043,-0.05,-0.02767221548476805,1000000.0,-0.23312584981274498,-0.16012718988511587,0.9999999999999959,-9.188432879753856,False,False,False
itn,dev.small,0.15,15.0,BM25,RR@10,6980,0.18427616318733797,0.18092929913130484,-0.003346864056033109,-0.05,-0.009213808159366899,1000000.0,-0.008547441450689856,0.001853713338623639,0.013517311831842349,2.211484009396916,True,True,True
itn,dev.small,0.15,15.0,BM25,nDCG@10,6980,0.2299347532023317,0.2226308898856378,-0.007303863316693895,-0.05,-0.011496737660116586,1000000.0,-0.012465125764319513,-0.002142600869068277,0.055658894863009276,1.5924995589305855,False,True,False
itn,dev.small,0.15,15.0,BM25,R@100,6980,0.6777578796561604,0.6143505253104108,-0.06340735434574976,-0.05,-0.033887893982808025,1000000.0,-0.07175002429597646,-0.05506468439552307,0.9999999999978065,-6.936282429568435,False,False,False
itn,dev.small,0.15,15.0,SPLADE,RR@10,6980,0.29693398371765134,0.27534474916996404,-0.021589234547687266,-0.05,-0.014846699185882568,1000000.0,-0.025533048547773253,-0.01764542054760128,0.999595888640646,-3.3514305586708915,False,False,False
itn,dev.small,0.15,15.0,SPLADE,nDCG@10,6980,0.3525535290063942,0.3250524634423248,-0.027501065564069387,-0.05,-0.01762767645031971,1000000.0,-0.03170357147585275,-0.02329855965228602,0.9999979066265658,-4.605548252914751,False,False,False
itn,dev.small,0.15,15.0,SPLADE,R@100,6980,0.8166905444126075,0.7285100286532952,-0.08818051575931232,-0.05,-0.04083452722063038,1000000.0,-0.09552508393937882,-0.08083594757924582,1.0,-12.636893886563552,False,False,False
itn,dev.small,0.15,15.0,TAS-B,RR@10,6980,0.3472977213808159,0.31828472506481104,-0.029012996316004912,-0.05,-0.017364886069040793,1000000.0,-0.03357119205503069,-0.024454800576979137,0.9999997202964594,-5.009402388406845,False,False,False
itn,dev.small,0.15,15.0,TAS-B,nDCG@10,6980,0.4106574638556805,0.37494399472905443,-0.03571346912662614,-0.05,-0.02053287319278403,1000000.0,-0.04043586276182806,-0.030991075491424217,0.9999999998437298,-6.301588684626216,False,False,False
itn,dev.small,0.15,15.0,TAS-B,R@100,6980,0.8869149952244508,0.7904727793696275,-0.09644221585482332,-0.05,-0.04434574976122255,1000000.0,-0.10406217992167135,-0.08882225178797529,1.0,-13.402282188229243,False,False,False
itn,dev.small,0.3,30.0,BM25,RR@10,6980,0.18427616318733797,0.15460448219402378,-0.02967168099331423,-0.05,-0.009213808159366899,1000000.0,-0.03628144978674398,-0.023061912199884474,0.9999999993157225,-6.067330090463524,False,False,False
itn,dev.small,0.3,30.0,BM25,nDCG@10,6980,0.2299347532023317,0.18851653050615338,-0.04141822269617831,-0.05,-0.011496737660116586,1000000.0,-0.048205086734347355,-0.03463135865800926,1.0,-8.642460673966058,False,False,False
itn,dev.small,0.3,30.0,BM25,R@100,6980,0.6777578796561604,0.5029011461318051,-0.1748567335243553,-0.05,-0.033887893982808025,1000000.0,-0.18618771563984804,-0.16352575140886255,1.0,-24.38815729388289,False,False,False
itn,dev.small,0.3,30.0,SPLADE,RR@10,6980,0.29693398371765134,0.23732199708918905,-0.05961198662846228,-0.05,-0.014846699185882568,1000000.0,-0.06568337033825097,-0.05354060291867358,1.0,-14.45363600050513,False,False,False
itn,dev.small,0.3,30.0,SPLADE,nDCG@10,6980,0.3525535290063942,0.27609181744981787,-0.07646171155657634,-0.05,-0.01762767645031971,1000000.0,-0.0829416810780289,-0.06998174203512378,1.0,-17.79832320352015,False,False,False
itn,dev.small,0.3,30.0,SPLADE,R@100,6980,0.8166905444126075,0.589087870105062,-0.22760267430754538,-0.05,-0.04083452722063038,1000000.0,-0.23828983503059228,-0.21691551358449848,1.0,-34.25814839653662,False,False,False
itn,dev.small,0.3,30.0,TAS-B,RR@10,6980,0.3472977213808159,0.2720964660936008,-0.07520125528721518,-0.05,-0.017364886069040793,1000000.0,-0.08196069365596578,-0.06844181691846457,1.0,-16.773118906834046,False,False,False
itn,dev.small,0.3,30.0,TAS-B,nDCG@10,6980,0.4106574638556805,0.31640691923271874,-0.0942505446229618,-0.05,-0.02053287319278403,1000000.0,-0.10133691788614352,-0.08716417135978008,1.0,-20.392524881492722,False,False,False
itn,dev.small,0.3,30.0,TAS-B,R@100,6980,0.8869149952244508,0.6366881566380135,-0.2502268385864374,-0.05,-0.04434574976122255,1000000.0,-0.26111366445382084,-0.23934001271905397,1.0,-37.07136664489942,False,False,False
itn,dev.small,0.45,45.0,BM25,RR@10,6980,0.18427616318733797,0.13028766998681038,-0.053988493200527586,-0.05,-0.009213808159366899,1000000.0,-0.06138154998812839,-0.04659543641292678,1.0,-11.87221941235237,False,False,False
itn,dev.small,0.45,45.0,BM25,nDCG@10,6980,0.2299347532023317,0.15708972057927928,-0.07284503262305243,-0.05,-0.011496737660116586,1000000.0,-0.08054410272778863,-0.06514596251831624,1.0,-15.620237743596737,False,False,False
itn,dev.small,0.45,45.0,BM25,R@100,6980,0.6777578796561604,0.39471107927411647,-0.28304680038204394,-0.05,-0.033887893982808025,1000000.0,-0.2958446279522757,-0.2702489728118122,1.0,-38.16485163113089,False,False,False
itn,dev.small,0.45,45.0,SPLADE,RR@10,6980,0.29693398371765134,0.19972597443944146,-0.09720800927820986,-0.05,-0.014846699185882568,1000000.0,-0.10475758398802255,-0.08965843456839716,1.0,-21.385734743602907,False,False,False
itn,dev.small,0.45,45.0,SPLADE,nDCG@10,6980,0.3525535290063942,0.22864963019649429,-0.1239038988098999,-0.05,-0.01762767645031971,1000000.0,-0.13185161828528397,-0.11595617933451581,1.0,-26.213016198198904,False,False,False
itn,dev.small,0.45,45.0,SPLADE,R@100,6980,0.8166905444126075,0.45653056351480414,-0.36015998089780327,-0.05,-0.04083452722063038,1000000.0,-0.37227773789361807,-0.34804222390198847,1.0,-51.65765834323992,False,False,False
itn,dev.small,0.45,45.0,TAS-B,RR@10,6980,0.3472977213808159,0.22684762586983215,-0.12045009551098376,-0.05,-0.017364886069040793,1000000.0,-0.1285156952802419,-0.11238449574172564,1.0,-25.05434808013918,False,False,False
itn,dev.small,0.45,45.0,TAS-B,nDCG@10,6980,0.4106574638556805,0.25903019399096106,-0.15162726986471947,-0.05,-0.02053287319278403,1000000.0,-0.16001616172511926,-0.14323837800431968,1.0,-30.63394652853463,False,False,False
itn,dev.small,0.45,45.0,TAS-B,R@100,6980,0.8869149952244508,0.4901623686723974,-0.3967526265520535,-0.05,-0.04434574976122255,1000000.0,-0.40897158258204963,-0.3845336705220574,1.0,-56.5371209905913,False,False,False
itn,dev.small,0.6,60.0,BM25,RR@10,6980,0.18427616318733797,0.10608706280984218,-0.07818910037749577,-0.05,-0.009213808159366899,1000000.0,-0.08609106846028323,-0.0702871322947083,1.0,-17.111248353831677,False,False,False
itn,dev.small,0.6,60.0,BM25,nDCG@10,6980,0.2299347532023317,0.12597021785456036,-0.10396453534777135,-0.05,-0.011496737660116586,1000000.0,-0.11226016695477499,-0.09566890374076771,1.0,-21.85065566966389,False,False,False
itn,dev.small,0.6,60.0,BM25,R@100,6980,0.6777578796561604,0.2914756446991404,-0.3862822349570201,-0.05,-0.033887893982808025,1000000.0,-0.39966430711377593,-0.3729001628002642,1.0,-51.62130448436744,False,False,False
itn,dev.small,0.6,60.0,SPLADE,RR@10,6980,0.29693398371765134,0.15949896529767588,-0.13743501841997544,-0.05,-0.014846699185882568,1000000.0,-0.1459556138151706,-0.12891442302478026,1.0,-28.20347126810694,False,False,False
itn,dev.small,0.6,60.0,SPLADE,nDCG@10,6980,0.3525535290063942,0.1798909473965888,-0.1726625816098054,-0.05,-0.01762767645031971,1000000.0,-0.18153287591797695,-0.16379228730163387,1.0,-34.26217075492634,False,False,False
itn,dev.small,0.6,60.0,SPLADE,R@100,6980,0.8166905444126075,0.3325334288443171,-0.48415711556829033,-0.05,-0.04083452722063038,1000000.0,-0.49665496518465985,-0.4716592659519208,1.0,-69.53572425209332,False,False,False
itn,dev.small,0.6,60.0,TAS-B,RR@10,6980,0.3472977213808159,0.18223421794696867,-0.16506350343384726,-0.05,-0.017364886069040793,1000000.0,-0.17412802185777274,-0.1559989850099218,1.0,-31.941485547306275,False,False,False
itn,dev.small,0.6,60.0,TAS-B,nDCG@10,6980,0.4106574638556805,0.20447972404547207,-0.20617773981020848,-0.05,-0.02053287319278403,1000000.0,-0.2155050247655972,-0.19685045485481978,1.0,-39.01675231087403,False,False,False
itn,dev.small,0.6,60.0,TAS-B,R@100,6980,0.8869149952244508,0.35500238777459414,-0.5319126074498567,-0.05,-0.04434574976122255,1000000.0,-0.5442117309448189,-0.5196134839548945,1.0,-77.71116709034938,False,False,False
itn,test-2019_test-2020,0.15,15.0,BM25,RR@10,97,0.7986786123384061,0.7831901489117983,-0.015488463426607752,-0.05,-0.039933930616920306,1000000.0,-0.06309289160558695,0.032115964752371454,0.15530788839464235,1.0193141839322302,False,True,False
itn,test-2019_test-2020,0.15,15.0,BM25,nDCG@10,97,0.4873823836823968,0.4697002425971704,-0.017682141085226342,-0.05,-0.02436911918411984,1000000.0,-0.04354030531236322,0.008176023141910533,0.30445296285253654,0.5133213054593092,False,True,False
itn,test-2019_test-2020,0.15,15.0,BM25,R@100,97,0.4769567428702133,0.43576807646715354,-0.04118866640305982,-0.05,-0.023847837143510665,1000000.0,-0.060578134501782455,-0.02179919830433719,0.960487597678637,-1.7752562295100172,False,False,False
itn,test-2019_test-2020,0.15,15.0,SPLADE,RR@10,97,0.8618106692848961,0.8617247586319751,-8.59106529209619e-05,-0.05,-0.04309053346424481,1000000.0,-0.024905496792189615,0.02473367548634769,0.0004321408414515381,3.4393603956484893,True,True,True
itn,test-2019_test-2020,0.15,15.0,SPLADE,nDCG@10,97,0.5903063303445052,0.5676483466243868,-0.022657983720118326,-0.05,-0.029515316517225262,1000000.0,-0.039284786584779255,-0.006031180855457393,0.2075040013005212,0.8186599752219987,False,True,False
itn,test-2019_test-2020,0.15,15.0,SPLADE,R@100,97,0.4689618970534333,0.42555914567927006,-0.04340275137416316,-0.05,-0.023448094852671665,1000000.0,-0.057835284111698596,-0.028970218636627732,0.9963827646628237,-2.74447187181054,False,False,False
itn,test-2019_test-2020,0.15,15.0,TAS-B,RR@10,97,0.9354933726067747,0.9396170839469808,0.004123711340206186,-0.05,-0.04677466863033874,1000000.0,-0.006331679236566049,0.01457910191697842,3.9356384821734694e-16,9.663195744052903,True,True,True
itn,test-2019_test-2020,0.15,15.0,TAS-B,nDCG@10,97,0.697936757957595,0.6750917153280939,-0.02284504262950119,-0.05,-0.03489683789787975,1000000.0,-0.03557524245578158,-0.010114842803220801,0.03162512697964887,1.8792025938295975,True,True,False
itn,test-2019_test-2020,0.15,15.0,TAS-B,R@100,97,0.553444309695361,0.4976588559005569,-0.05578545379480406,-0.05,-0.02767221548476805,1000000.0,-0.0713818980432872,-0.04018900954632092,0.9997276168004184,-3.5780166365280097,False,False,False
itn,test-2019_test-2020,0.3,30.0,BM25,RR@10,97,0.7986786123384061,0.7770291278023236,-0.02164948453608247,-0.05,-0.039933930616920306,1000000.0,-0.07535130089669127,0.03205233182452634,0.2503805855917144,0.6758493673990592,False,True,False
itn,test-2019_test-2020,0.3,30.0,BM25,nDCG@10,97,0.4873823836823968,0.42492846914905336,-0.06245391453334333,-0.05,-0.02436911918411984,1000000.0,-0.09281346323272117,-0.03209436583396548,0.9927549748191952,-2.4900805352757875,False,False,False
itn,test-2019_test-2020,0.3,30.0,BM25,R@100,97,0.4769567428702133,0.3813192893974541,-0.09563745347275925,-0.05,-0.023847837143510665,1000000.0,-0.12450279785750007,-0.06677210908801842,0.9999983276489713,-4.936759466473587,False,False,False
itn,test-2019_test-2020,0.3,30.0,SPLADE,RR@10,97,0.8618106692848961,0.8512600229095074,-0.010550646375388642,-0.05,-0.04309053346424481,1000000.0,-0.03695463066415998,0.01585333791338269,0.008127378244106871,2.446265861392688,True,True,True
itn,test-2019_test-2020,0.3,30.0,SPLADE,nDCG@10,97,0.5903063303445052,0.5250924619923382,-0.06521386835216701,-0.05,-0.029515316517225262,1000000.0,-0.09190637446219833,-0.03852136224213569,0.995353735483482,-2.654717584202627,False,False,False
itn,test-2019_test-2020,0.3,30.0,SPLADE,R@100,97,0.4689618970534333,0.3684849728104692,-0.10047692424296402,-0.05,-0.023448094852671665,1000000.0,-0.125893339682375,-0.07506050880355304,0.9999999837698277,-6.015837215118841,False,False,False
itn,test-2019_test-2020,0.3,30.0,TAS-B,RR@10,97,0.9354933726067747,0.9298969072164949,-0.005596465390279824,-0.05,-0.04677466863033874,1000000.0,-0.012111253997113863,0.0009183232165542142,2.9811004798132887e-22,12.54654484457241,True,True,True
itn,test-2019_test-2020,0.3,30.0,TAS-B,nDCG@10,97,0.697936757957595,0.6280247731160585,-0.06991198484153668,-0.05,-0.03489683789787975,1000000.0,-0.09430117361679578,-0.045522796066277585,0.9973231029148387,-2.849808494640015,False,False,False
itn,test-2019_test-2020,0.3,30.0,TAS-B,R@100,97,0.553444309695361,0.4265376243486187,-0.12690668534674232,-0.05,-0.02767221548476805,1000000.0,-0.15310398859253474,-0.1007093821009499,0.9999999999854097,-7.519051254665061,False,False,False
itn,test-2019_test-2020,0.45,45.0,BM25,RR@10,97,0.7986786123384061,0.7560260186548845,-0.04265259368352151,-0.05,-0.039933930616920306,1000000.0,-0.10290330435598485,0.017598116988941835,0.5355912310887458,-0.08956746692796402,False,False,False
itn,test-2019_test-2020,0.45,45.0,BM25,nDCG@10,97,0.4873823836823968,0.38923617462611276,-0.09814620905628395,-0.05,-0.02436911918411984,1000000.0,-0.13637992799393353,-0.05991249011863437,0.9998858516478376,-3.8302935214196716,False,False,False
itn,test-2019_test-2020,0.45,45.0,BM25,R@100,97,0.4769567428702133,0.31467839132938796,-0.16227835154082537,-0.05,-0.023847837143510665,1000000.0,-0.19766332492584981,-0.12689337815580093,0.9999999999955616,-7.765510979079366,False,False,False
itn,test-2019_test-2020,0.45,45.0,SPLADE,RR@10,97,0.8618106692848961,0.8571142202585502,-0.004696449026345934,-0.05,-0.04309053346424481,1000000.0,-0.03947331911926294,0.030080421066571068,0.015419218434049432,2.191446644312839,True,True,True
itn,test-2019_test-2020,0.45,45.0,SPLADE,nDCG@10,97,0.5903063303445052,0.49036890475661105,-0.09993742558789417,-0.05,-0.029515316517225262,1000000.0,-0.13661763864003962,-0.06325721253574873,0.9998778209109201,-3.8109588265335272,False,False,False
itn,test-2019_test-2020,0.45,45.0,SPLADE,R@100,97,0.4689618970534333,0.31032933242881927,-0.15863256462461395,-0.05,-0.023448094852671665,1000000.0,-0.19106438200267095,-0.12620074724655694,0.9999999999996274,-8.273944334722964,False,False,False
itn,test-2019_test-2020,0.45,45.0,TAS-B,RR@10,97,0.9354933726067747,0.9239813451153659,-0.011512027491408935,-0.05,-0.04677466863033874,1000000.0,-0.02996040427497248,0.0069363492921546074,0.00012959839063495892,3.7941435317109424,True,True,True
itn,test-2019_test-2020,0.45,45.0,TAS-B,nDCG@10,97,0.697936757957595,0.5892749264005825,-0.10866183155701274,-0.05,-0.03489683789787975,1000000.0,-0.14223257386533078,-0.07509108924869472,0.9999837607845043,-4.361606121449511,False,False,False
itn,test-2019_test-2020,0.45,45.0,TAS-B,R@100,97,0.553444309695361,0.3556718899585479,-0.19777241973681306,-0.05,-0.02767221548476805,1000000.0,-0.23140236513479268,-0.16414247433883344,1.0,-10.040047131590526,False,False,False
itn,test-2019_test-2020,0.6,60.0,BM25,RR@10,97,0.7986786123384061,0.7037064310260187,-0.09497218131238751,-0.05,-0.039933930616920306,1000000.0,-0.16724640198589147,-0.022697960638883546,0.9330403363269936,-1.5116048730313747,False,False,False
itn,test-2019_test-2020,0.6,60.0,BM25,nDCG@10,97,0.4873823836823968,0.32607449142609823,-0.16130789225629844,-0.05,-0.02436911918411984,1000000.0,-0.20647805411067177,-0.1161377304019251,0.9999999839060958,-6.017718445750119,False,False,False
itn,test-2019_test-2020,0.6,60.0,BM25,R@100,97,0.4769567428702133,0.230227065983829,-0.2467296768863843,-0.05,-0.023847837143510665,1000000.0,-0.29153555590510105,-0.20192379786766754,0.9999999999999999,-9.874082707538532,False,False,False
itn,test-2019_test-2020,0.6,60.0,SPLADE,RR@10,97,0.8618106692848961,0.8065537555228276,-0.05525691376206841,-0.05,-0.04309053346424481,1000000.0,-0.10724461353113356,-0.00326921399300327,0.6783416228902409,-0.46453438268238606,False,False,False
itn,test-2019_test-2020,0.6,60.0,SPLADE,nDCG@10,97,0.5903063303445052,0.41857684209603185,-0.17172948824847337,-0.05,-0.029515316517225262,1000000.0,-0.21993486581591581,-0.1235241106810309,0.9999999669155366,-5.856045819140394,False,False,False
itn,test-2019_test-2020,0.6,60.0,SPLADE,R@100,97,0.4689618970534333,0.22064832634139878,-0.24831357071203447,-0.05,-0.023448094852671665,1000000.0,-0.29257228298927945,-0.20405485843478946,0.9999999999999999,-10.085120393692048,False,False,False
itn,test-2019_test-2020,0.6,60.0,TAS-B,RR@10,97,0.9354933726067747,0.8774300441826216,-0.058063328424153175,-0.05,-0.04677466863033874,1000000.0,-0.10690896347464462,-0.009217693373661719,0.676273783020743,-0.458747492294241,False,False,False
itn,test-2019_test-2020,0.6,60.0,TAS-B,nDCG@10,97,0.697936757957595,0.4888819445001777,-0.2090548134574175,-0.05,-0.03489683789787975,1000000.0,-0.2523788004904133,-0.16573082642442175,0.9999999999984298,-7.9794329397799295,False,False,False
itn,test-2019_test-2020,0.6,60.0,TAS-B,R@100,97,0.553444309695361,0.25409926948630346,-0.29934504020905756,-0.05,-0.02767221548476805,1000000.0,-0.34253215151870636,-0.25615792889940875,1.0,-12.486741497492766,False,False,False
metadata_qualt5,test-2019_test-2020,0.15,15.0,BM25,RR@10,97,0.7986786123384061,0.8018327605956471,0.0031541482572410434,-0.05,-0.039933930616920306,1000000.0,-0.05009177489048821,0.056400071404970296,0.05574575901373096,1.6063043989663437,False,True,False
metadata_qualt5,test-2019_test-2020,0.15,15.0,BM25,nDCG@10,97,0.4873823836823968,0.5025273691559526,0.015144985473555897,-0.05,-0.02436911918411984,1000000.0,-0.009829119590894613,0.040119090538006406,0.0011205359298366898,3.1406481884842194,True,True,True
metadata_qualt5,test-2019_test-2020,0.15,15.0,BM25,R@100,97,0.4769567428702133,0.4639480454338793,-0.013008697436334064,-0.05,-0.023847837143510665,1000000.0,-0.02877766105332496,0.0027602661806568323,0.08781235381036133,1.3644220883391296,False,True,False
metadata_qualt5,test-2019_test-2020,0.15,15.0,SPLADE,RR@10,97,0.8618106692848961,0.8584601538209785,-0.0033505154639175277,-0.05,-0.04309053346424481,1000000.0,-0.015394485011972972,0.008693454084137917,1.4258040647179434e-09,6.549610737212967,True,True,True
metadata_qualt5,test-2019_test-2020,0.15,15.0,SPLADE,nDCG@10,97,0.5903063303445052,0.584505580527258,-0.005800749817247201,-0.05,-0.029515316517225262,1000000.0,-0.015561488581565294,0.0039599889470708916,2.6573343682164564e-06,4.8226926251008,True,True,True
metadata_qualt5,test-2019_test-2020,0.15,15.0,SPLADE,R@100,97,0.4689618970534333,0.45028250001554804,-0.018679397037885122,-0.05,-0.023448094852671665,1000000.0,-0.029621094172065817,-0.007737699903704428,0.19456709161817104,0.865111712808557,False,True,False
metadata_qualt5,test-2019_test-2020,0.15,15.0,TAS-B,RR@10,97,0.9354933726067747,0.9396170839469808,0.004123711340206186,-0.05,-0.04677466863033874,1000000.0,-0.006331679236566049,0.01457910191697842,3.9356384821734694e-16,9.663195744052903,True,True,True
metadata_qualt5,test-2019_test-2020,0.15,15.0,TAS-B,nDCG@10,97,0.697936757957595,0.6970557769860797,-0.0008809809715154503,-0.05,-0.03489683789787975,1000000.0,-0.01123450583816145,0.009472543895130551,1.6233467179455187e-09,6.52154152443641,True,True,True
metadata_qualt5,test-2019_test-2020,0.15,15.0,TAS-B,R@100,97,0.553444309695361,0.5305901009223128,-0.022854208773048095,-0.05,-0.02767221548476805,1000000.0,-0.033273768487891264,-0.01243464905820493,0.180496951717934,0.9178571837341025,False,True,False
metadata_qualt5,test-2019_test-2020,0.3,30.0,BM25,RR@10,97,0.7986786123384061,0.8046514482081492,0.00597283586974309,-0.05,-0.039933930616920306,1000000.0,-0.05616823327514343,0.0681139050146296,0.07290253098236824,1.4664088101973576,False,True,False
metadata_qualt5,test-2019_test-2020,0.3,30.0,BM25,nDCG@10,97,0.4873823836823968,0.4944595686700182,0.007077184987621421,-0.05,-0.02436911918411984,1000000.0,-0.023801271162103968,0.03795564113734681,0.02300653528198579,2.0214877367531185,True,True,True
metadata_qualt5,test-2019_test-2020,0.3,30.0,BM25,R@100,97,0.4769567428702133,0.43347958821299587,-0.0434771546572175,-0.05,-0.023847837143510665,1000000.0,-0.06645876924747454,-0.020495540066960465,0.9533831821526632,-1.6954373313391002,False,False,False
metadata_qualt5,test-2019_test-2020,0.3,30.0,SPLADE,RR@10,97,0.8618106692848961,0.857601047291769,-0.004209621993127151,-0.05,-0.04309053346424481,1000000.0,-0.026813015498203082,0.01839377151194878,0.00046891455101395594,3.414443024710581,True,True,True
metadata_qualt5,test-2019_test-2020,0.3,30.0,SPLADE,nDCG@10,97,0.5903063303445052,0.5718505463027964,-0.018455784041708747,-0.05,-0.029515316517225262,1000000.0,-0.03505223952084562,-0.0018593285625718714,0.09453007050335065,1.3227522276889085,False,True,False
metadata_qualt5,test-2019_test-2020,0.3,30.0,SPLADE,R@100,97,0.4689618970534333,0.4180190422111113,-0.05094285484232188,-0.05,-0.023448094852671665,1000000.0,-0.07119697233312926,-0.030688737351514506,0.9958399195486941,-2.694596160683714,False,False,False
metadata_qualt5,test-2019_test-2020,0.3,30.0,TAS-B,RR@10,97,0.9354933726067747,0.9396170839469808,0.004123711340206186,-0.05,-0.04677466863033874,1000000.0,-0.006331679236566049,0.01457910191697842,3.9356384821734694e-16,9.663195744052903,True,True,True
metadata_qualt5,test-2019_test-2020,0.3,30.0,TAS-B,nDCG@10,97,0.697936757957595,0.674720134095912,-0.02321662386168319,-0.05,-0.03489683789787975,1000000.0,-0.04140942457200093,-0.005023823151365445,0.10279764683697311,1.2744074970285117,False,True,False
metadata_qualt5,test-2019_test-2020,0.3,30.0,TAS-B,R@100,97,0.553444309695361,0.48735226453099006,-0.06609204516437085,-0.05,-0.02767221548476805,1000000.0,-0.08678716297936048,-0.04539692734938122,0.9998107958331138,-3.685060401563293,False,False,False
metadata_qualt5,test-2019_test-2020,0.45,45.0,BM25,RR@10,97,0.7986786123384061,0.8041237113402062,0.005445099001800036,-0.05,-0.039933930616920306,1000000.0,-0.05541292644827849,0.06630312445187857,0.07105893692690372,1.4801114758406122,False,True,False
metadata_qualt5,test-2019_test-2020,0.45,45.0,BM25,nDCG@10,97,0.4873823836823968,0.48319070372625333,-0.004191679956143365,-0.05,-0.02436911918411984,1000000.0,-0.03769894466365493,0.0293155847513682,0.11745326159649584,1.1953199004460997,False,True,False
metadata_qualt5,test-2019_test-2020,0.45,45.0,BM25,R@100,97,0.4769567428702133,0.3998017083461347,-0.07715503452407874,-0.05,-0.023847837143510665,1000000.0,-0.10700500555339816,-0.04730506349475931,0.9996955025232346,-3.5448594033200815,False,False,False
metadata_qualt5,test-2019_test-2020,0.45,45.0,SPLADE,RR@10,97,0.8618106692848961,0.8610947471772212,-0.0007159221076746847,-0.05,-0.04309053346424481,1000000.0,-0.02543540369744772,0.024003559482098348,0.000487250763851144,3.40269833105299,True,True,True
metadata_qualt5,test-2019_test-2020,0.45,45.0,SPLADE,nDCG@10,97,0.5903063303445052,0.560630134561677,-0.029676195782828332,-0.05,-0.029515316517225262,1000000.0,-0.05054022226750075,-0.008812169298155915,0.5060900520717996,-0.015305905526304873,False,False,False
metadata_qualt5,test-2019_test-2020,0.45,45.0,SPLADE,R@100,97,0.4689618970534333,0.3814494748983486,-0.08751242215508473,-0.05,-0.023448094852671665,1000000.0,-0.11411012496728676,-0.060914719342882694,0.9999968585912657,-4.781115328716993,False,False,False
metadata_qualt5,test-2019_test-2020,0.45,45.0,TAS-B,RR@10,97,0.9354933726067747,0.9430535100638194,0.0075601374570446744,-0.05,-0.04677466863033874,1000000.0,-0.009116001272297097,0.024236276186386446,2.0824341926708666e-09,6.467548597671883,True,True,True
metadata_qualt5,test-2019_test-2020,0.45,45.0,TAS-B,nDCG@10,97,0.697936757957595,0.6621518814768699,-0.03578487648072526,-0.05,-0.03489683789787975,1000000.0,-0.056640801178529696,-0.014928951782920821,0.533590493032648,-0.08451999518238297,False,False,False
metadata_qualt5,test-2019_test-2020,0.45,45.0,TAS-B,R@100,97,0.553444309695361,0.43799692357466913,-0.11544738612069187,-0.05,-0.02767221548476805,1000000.0,-0.1422448892046206,-0.08864988303676315,0.9999999982218457,-6.501812355747402,False,False,False
metadata_qualt5,test-2019_test-2020,0.6,60.0,BM25,RR@10,97,0.7986786123384061,0.809106529209622,0.010427916871215845,-0.05,-0.039933930616920306,1000000.0,-0.056788911731469494,0.07764474547390118,0.07011448738779538,1.4872388245891497,False,True,False
metadata_qualt5,test-2019_test-2020,0.6,60.0,BM25,nDCG@10,97,0.4873823836823968,0.4683458407145477,-0.019036542967849013,-0.05,-0.02436911918411984,1000000.0,-0.05716475389545934,0.019091667959761312,0.3909512707959513,0.2776180647300162,False,True,False
metadata_qualt5,test-2019_test-2020,0.6,60.0,BM25,R@100,97,0.4769567428702133,0.34010155973078954,-0.13685518313942382,-0.05,-0.023847837143510665,1000000.0,-0.17561326730403853,-0.09809709897480912,0.9999999552325439,-5.78763924287162,False,False,False
metadata_qualt5,test-2019_test-2020,0.6,60.0,SPLADE,RR@10,97,0.8618106692848961,0.823294059891998,-0.038516609392898055,-0.05,-0.04309053346424481,1000000.0,-0.08328704066318503,0.006253821877388918,0.4198626811642827,0.20279383660489825,False,True,False
metadata_qualt5,test-2019_test-2020,0.6,60.0,SPLADE,nDCG@10,97,0.5903063303445052,0.5285883104217745,-0.06171801992273078,-0.05,-0.029515316517225262,1000000.0,-0.0959521976842426,-0.027483842161218963,0.9675371034581178,-1.8671942844405003,False,False,False
metadata_qualt5,test-2019_test-2020,0.6,60.0,SPLADE,R@100,97,0.4689618970534333,0.3134792914894459,-0.15548260556398733,-0.05,-0.023448094852671665,1000000.0,-0.19267306150907143,-0.11829214961890322,0.9999999998611699,-7.047142221908651,False,False,False
metadata_qualt5,test-2019_test-2020,0.6,60.0,TAS-B,RR@10,97,0.9354933726067747,0.9174521354933725,-0.018041237113402064,-0.05,-0.04677466863033874,1000000.0,-0.053970769298998106,0.017888295072193975,0.05785248423582961,1.5874242526440518,False,True,False
metadata_qualt5,test-2019_test-2020,0.6,60.0,TAS-B,nDCG@10,97,0.697936757957595,0.6171552653753851,-0.08078149258221015,-0.05,-0.03489683789787975,1000000.0,-0.1163207845778301,-0.04524220058659021,0.9940315815803243,-2.5628062511667173,False,False,False
metadata_qualt5,test-2019_test-2020,0.6,60.0,TAS-B,R@100,97,0.553444309695361,0.3588807041288975,-0.1945636055664635,-0.05,-0.02767221548476805,1000000.0,-0.2310369036397838,-0.15809030749314318,0.9999999999999931,-9.082721018971771,False,False,False
perplexity,dev.small,0.15,15.0,BM25,RR@10,6980,0.18427616318733797,0.17720010688133894,-0.0070760563059989985,-0.05,-0.009213808159366899,1000000.0,-0.011436720115112745,-0.002715392496885252,0.16829010745113238,0.9610104339863069,False,True,False
perplexity,dev.small,0.15,15.0,BM25,nDCG@10,6980,0.2299347532023317,0.2185213324990386,-0.011413420703293127,-0.05,-0.011496737660116586,1000000.0,-0.015828612742930213,-0.006998228663656043,0.4852462414205626,0.036991949336390356,False,True,False
perplexity,dev.small,0.15,15.0,BM25,R@100,6980,0.6777578796561604,0.6082020057306591,-0.06955587392550143,-0.05,-0.033887893982808025,1000000.0,-0.07753063221518955,-0.06158111563581331,1.0,-8.76767416897225,False,False,False
perplexity,dev.small,0.15,15.0,SPLADE,RR@10,6980,0.29693398371765134,0.2750825487788238,-0.02185143493882749,-0.05,-0.014846699185882568,1000000.0,-0.02596795490167306,-0.01773491497598192,0.9995723305578407,-3.335684351373033,False,False,False
perplexity,dev.small,0.15,15.0,SPLADE,nDCG@10,6980,0.3525535290063942,0.3247900902711164,-0.027763438735277837,-0.05,-0.01762767645031971,1000000.0,-0.03209525204071868,-0.02343162542983699,0.9999977102982304,-4.586803152608111,False,False,False
perplexity,dev.small,0.15,15.0,SPLADE,R@100,6980,0.8166905444126075,0.7314469914040115,-0.08524355300859598,-0.05,-0.04083452722063038,1000000.0,-0.09256136798419154,-0.07792573803300043,1.0,-11.896336450065315,False,False,False
perplexity,dev.small,0.15,15.0,TAS-B,RR@10,6980,0.3472977213808159,0.31899002819848093,-0.028307693182335017,-0.05,-0.017364886069040793,1000000.0,-0.032922514727644264,-0.02369287163702577,0.9999982961142141,-4.648333177496023,False,False,False
perplexity,dev.small,0.15,15.0,TAS-B,nDCG@10,6980,0.4106574638556805,0.3751705624564878,-0.03548690139919277,-0.05,-0.02053287319278403,1000000.0,-0.040280856986201624,-0.030692945812183917,0.9999999994907695,-6.114875315596476,False,False,False
perplexity,dev.small,0.15,15.0,TAS-B,R@100,6980,0.8869149952244508,0.7944842406876791,-0.09243075453677174,-0.05,-0.04434574976122255,1000000.0,-0.09999970323988262,-0.08486180583366086,1.0,-12.453674728915187,False,False,False
perplexity,dev.small,0.3,30.0,BM25,RR@10,6980,0.18427616318733797,0.15743115249920409,-0.026845010688133896,-0.05,-0.009213808159366899,1000000.0,-0.03240339148747743,-0.021286629888790362,0.9999999997338636,-6.218090726688086,False,False,False
perplexity,dev.small,0.3,30.0,BM25,nDCG@10,6980,0.2299347532023317,0.19098922514340919,-0.038945528058922506,-0.05,-0.011496737660116586,1000000.0,-0.044731114980281296,-0.033159941137563716,1.0,-9.300348123043095,False,False,False
perplexity,dev.small,0.3,30.0,BM25,R@100,6980,0.6777578796561604,0.5178724928366762,-0.15988538681948425,-0.05,-0.033887893982808025,1000000.0,-0.17036644500377784,-0.14940432863519065,1.0,-23.56569151507935,False,False,False
perplexity,dev.small,0.3,30.0,SPLADE,RR@10,6980,0.29693398371765134,0.24161942284076954,-0.05531456087688179,-0.05,-0.014846699185882568,1000000.0,-0.0614898482618686,-0.04913927349189497,1.0,-12.846253867137701,False,False,False
perplexity,dev.small,0.3,30.0,SPLADE,nDCG@10,6980,0.3525535290063942,0.28217501771383097,-0.07037851129256323,-0.05,-0.01762767645031971,1000000.0,-0.07682580993393849,-0.06393121265118797,1.0,-16.038914293886368,False,False,False
perplexity,dev.small,0.3,30.0,SPLADE,R@100,6980,0.8166905444126075,0.618935052531041,-0.1977554918815664,-0.05,-0.04083452722063038,1000000.0,-0.20785312703564385,-0.18765785672748897,1.0,-30.463844597789652,False,False,False
perplexity,dev.small,0.3,30.0,TAS-B,RR@10,6980,0.3472977213808159,0.2806083140037295,-0.06668940737708647,-0.05,-0.017364886069040793,1000000.0,-0.07341118708863206,-0.05996762766554086,1.0,-14.384740128738853,False,False,False
perplexity,dev.small,0.3,30.0,TAS-B,nDCG@10,6980,0.4106574638556805,0.32595231737213975,-0.08470514648354077,-0.05,-0.02053287319278403,1000000.0,-0.09168676951917432,-0.07772352344790723,1.0,-18.01832621043161,False,False,False
perplexity,dev.small,0.3,30.0,TAS-B,R@100,6980,0.8869149952244508,0.6730420248328559,-0.21387297039159506,-0.05,-0.04434574976122255,1000000.0,-0.22421947481369545,-0.20352646596949467,1.0,-32.11953216810811,False,False,False
perplexity,dev.small,0.45,45.0,BM25,RR@10,6980,0.18427616318733797,0.12720670168736073,-0.057069461499977256,-0.05,-0.009213808159366899,1000000.0,-0.06343161070022459,-0.050707312299729926,1.0,-14.745272974583246,False,False,False
perplexity,dev.small,0.45,45.0,BM25,nDCG@10,6980,0.2299347532023317,0.15294073631088237,-0.0769940168914493,-0.05,-0.011496737660116586,1000000.0,-0.08375065985089437,-0.07023737393200423,1.0,-19.002717250981615,False,False,False
perplexity,dev.small,0.45,45.0,BM25,R@100,6980,0.6777578796561604,0.4143147086914995,-0.2634431709646609,-0.05,-0.033887893982808025,1000000.0,-0.2756279824899122,-0.2512583594394096,1.0,-36.9310692369306,False,False,False
perplexity,dev.small,0.45,45.0,SPLADE,RR@10,6980,0.29693398371765134,0.19885233319688905,-0.09808165052076227,-0.05,-0.014846699185882568,1000000.0,-0.10571513112914868,-0.09044816991237586,1.0,-21.375020508674893,False,False,False
perplexity,dev.small,0.45,45.0,SPLADE,nDCG@10,6980,0.3525535290063942,0.23016148852544374,-0.12239204048095043,-0.05,-0.01762767645031971,1000000.0,-0.13033415388568312,-0.11444992707621773,1.0,-25.858356210102343,False,False,False
perplexity,dev.small,0.45,45.0,SPLADE,R@100,6980,0.8166905444126075,0.4941618911174785,-0.3225286532951289,-0.05,-0.04083452722063038,1000000.0,-0.33432640882266607,-0.3107308977675918,1.0,-46.80603094698412,False,False,False
perplexity,dev.small,0.45,45.0,TAS-B,RR@10,6980,0.3472977213808159,0.23096619593396098,-0.11633152544685493,-0.05,-0.017364886069040793,1000000.0,-0.12461554582317896,-0.1080475050705309,1.0,-23.419147476989842,False,False,False
perplexity,dev.small,0.45,45.0,TAS-B,nDCG@10,6980,0.4106574638556805,0.2661381141291609,-0.14451934972651967,-0.05,-0.02053287319278403,1000000.0,-0.15307260995819177,-0.13596608949484756,1.0,-28.41620319280515,False,False,False
perplexity,dev.small,0.45,45.0,TAS-B,R@100,6980,0.8869149952244508,0.5338586437440306,-0.3530563514804202,-0.05,-0.04434574976122255,1000000.0,-0.3649737493808129,-0.3411389535800275,1.0,-50.780096420884185,False,False,False
perplexity,dev.small,0.6,60.0,BM25,RR@10,6980,0.18427616318733797,0.09975673125028425,-0.08451943193705369,-0.05,-0.009213808159366899,1000000.0,-0.09150959028796418,-0.0775292735861432,1.0,-21.118536226278685,False,False,False
perplexity,dev.small,0.6,60.0,BM25,nDCG@10,6980,0.2299347532023317,0.11909113343764043,-0.11084361976469127,-0.05,-0.011496737660116586,1000000.0,-0.11831093771198965,-0.1033763018173929,1.0,-26.080325974106987,False,False,False
perplexity,dev.small,0.6,60.0,BM25,R@100,6980,0.6777578796561604,0.31013610315186246,-0.367621776504298,-0.05,-0.033887893982808025,1000000.0,-0.38061518533794336,-0.35462836767065264,1.0,-50.35013207436065,False,False,False
perplexity,dev.small,0.6,60.0,SPLADE,RR@10,6980,0.29693398371765134,0.15511751262109427,-0.14181647109655704,-0.05,-0.014846699185882568,1000000.0,-0.150409268802811,-0.13322367339030308,1.0,-28.966042835929635,False,False,False
perplexity,dev.small,0.6,60.0,SPLADE,nDCG@10,6980,0.3525535290063942,0.17826437620171987,-0.17428915280467433,-0.05,-0.01762767645031971,1000000.0,-0.18320210010165214,-0.16537620550769652,1.0,-34.45595513491308,False,False,False
perplexity,dev.small,0.6,60.0,SPLADE,R@100,6980,0.8166905444126075,0.365090735434575,-0.4515998089780324,-0.05,-0.04083452722063038,1000000.0,-0.46414374523974505,-0.4390558727163198,1.0,-64.19235484723423,False,False,False
perplexity,dev.small,0.6,60.0,TAS-B,RR@10,6980,0.3472977213808159,0.17886404466275527,-0.16843367671806064,-0.05,-0.017364886069040793,1000000.0,-0.17773965086513327,-0.15912770257098802,1.0,-31.822648932772307,False,False,False
perplexity,dev.small,0.6,60.0,TAS-B,nDCG@10,6980,0.4106574638556805,0.2039915192263988,-0.20666594462928176,-0.05,-0.02053287319278403,1000000.0,-0.2161980329095505,-0.197133856349013,1.0,-38.27885201523383,False,False,False
perplexity,dev.small,0.6,60.0,TAS-B,R@100,6980,0.8869149952244508,0.39363658070678126,-0.49327841451766946,-0.05,-0.04434574976122255,1000000.0,-0.5056927214489111,-0.4808641075864279,1.0,-70.88953773511732,False,False,False
perplexity,test-2019_test-2020,0.15,15.0,BM25,RR@10,97,0.7986786123384061,0.8104810996563573,0.011802487317951244,-0.05,-0.039933930616920306,1000000.0,-0.032569061235436896,0.05617403587133938,0.011387161972010574,2.3144555753326377,True,True,True
perplexity,test-2019_test-2020,0.15,15.0,BM25,nDCG@10,97,0.4873823836823968,0.46431217277130454,-0.023070210911092237,-0.05,-0.02436911918411984,1000000.0,-0.04479145103063175,-0.001348970791552724,0.4528805070239954,0.11870006177770197,False,True,False
perplexity,test-2019_test-2020,0.15,15.0,BM25,R@100,97,0.4769567428702133,0.427462294783855,-0.04949444808635839,-0.05,-0.023847837143510665,1000000.0,-0.06691334310176904,-0.03207555307094774,0.997835541481872,-2.9225803542907633,False,False,False
perplexity,test-2019_test-2020,0.15,15.0,SPLADE,RR@10,97,0.8618106692848961,0.8700867288496155,0.008276059564719357,-0.05,-0.04309053346424481,1000000.0,-0.010226566469810242,0.026778685599248956,1.4987607986924618e-07,5.510670815537814,True,True,True
perplexity,test-2019_test-2020,0.15,15.0,SPLADE,nDCG@10,97,0.5903063303445052,0.5752992462284737,-0.015007084116031468,-0.05,-0.029515316517225262,1000000.0,-0.028941001261464407,-0.0010731669705985308,0.020722574733787354,2.0667995513275232,True,True,True
perplexity,test-2019_test-2020,0.15,15.0,SPLADE,R@100,97,0.4689618970534333,0.42373743458615337,-0.04522446246727981,-0.05,-0.023448094852671665,1000000.0,-0.05958751688431091,-0.030861408050248715,0.9983287375158237,-3.0095094554452193,False,False,False
perplexity,test-2019_test-2020,0.15,15.0,TAS-B,RR@10,97,0.9354933726067747,0.9336033382425135,-0.001890034364261169,-0.05,-0.04677466863033874,1000000.0,-0.004540136828073304,0.0007600680995509656,3.3324773277951874e-55,33.61956605964934,True,True,True
perplexity,test-2019_test-2020,0.15,15.0,TAS-B,nDCG@10,97,0.697936757957595,0.6781974951290229,-0.0197392628285722,-0.05,-0.03489683789787975,1000000.0,-0.033640354421771566,-0.005838171235372834,0.01645690969692392,2.1644018753281555,True,True,True
perplexity,test-2019_test-2020,0.15,15.0,TAS-B,R@100,97,0.553444309695361,0.4909947429557599,-0.06244956673960112,-0.05,-0.02767221548476805,1000000.0,-0.07820029220703903,-0.04669884127216321,0.9999850238076674,-4.382813780873826,False,False,False
perplexity,test-2019_test-2020,0.3,30.0,BM25,RR@10,97,0.7986786123384061,0.7975085910652919,-0.0011700212731140548,-0.05,-0.039933930616920306,1000000.0,-0.05639613232849489,0.05405608978226679,0.08337553453724358,1.3932857199360773,False,True,False
perplexity,test-2019_test-2020,0.3,30.0,BM25,nDCG@10,97,0.4873823836823968,0.4528240276800373,-0.0345583560023594,-0.05,-0.02436911918411984,1000000.0,-0.06177908057507285,-0.007337631429645955,0.7703572557632153,-0.7430175187531249,False,False,False
perplexity,test-2019_test-2020,0.3,30.0,BM25,R@100,97,0.4769567428702133,0.37266255787728536,-0.104294184992928,-0.05,-0.023847837143510665,1000000.0,-0.13347073787232913,-0.07511763211352689,0.9999998237596448,-5.47305019414405,False,False,False
perplexity,test-2019_test-2020,0.3,30.0,SPLADE,RR@10,97,0.8618106692848961,0.8686548846342661,0.0068442153493699885,-0.05,-0.04309053346424481,1000000.0,-0.024210741457584957,0.037899172156324934,0.000955918762528796,3.1917511143686097,True,True,True
perplexity,test-2019_test-2020,0.3,30.0,SPLADE,nDCG@10,97,0.5903063303445052,0.5464850680865057,-0.04382126225799954,-0.05,-0.029515316517225262,1000000.0,-0.07175471984475662,-0.015887804671242463,0.8440498564703967,-1.0165973105496846,False,False,False
perplexity,test-2019_test-2020,0.3,30.0,SPLADE,R@100,97,0.4689618970534333,0.3629912874001532,-0.10597060965328003,-0.05,-0.023448094852671665,1000000.0,-0.1346978473155128,-0.07724337199104728,0.9999999348022424,-5.7021109775078305,False,False,False
perplexity,test-2019_test-2020,0.3,30.0,TAS-B,RR@10,97,0.9354933726067747,0.9344624447717231,-0.0010309278350515473,-0.05,-0.04677466863033874,1000000.0,-0.026498426199165346,0.024436570529062254,0.0002842511798371688,3.5653524555569795,True,True,True
perplexity,test-2019_test-2020,0.3,30.0,TAS-B,nDCG@10,97,0.697936757957595,0.6494843777058124,-0.048452380251782716,-0.05,-0.03489683789787975,1000000.0,-0.07634225660938401,-0.020562503894181426,0.8314599517423209,-0.9647779919059442,False,False,False
perplexity,test-2019_test-2020,0.3,30.0,TAS-B,R@100,97,0.553444309695361,0.41938997236304093,-0.1340543373323201,-0.05,-0.02767221548476805,1000000.0,-0.16335447532354389,-0.10475419934109634,0.999999999935013,-7.207025542269546,False,False,False
perplexity,test-2019_test-2020,0.45,45.0,BM25,RR@10,97,0.7986786123384061,0.7619947635411553,-0.036683848797250854,-0.05,-0.039933930616920306,1000000.0,-0.09924634610629723,0.025878648511795527,0.45904194757170236,0.10311866854303457,False,True,False
perplexity,test-2019_test-2020,0.45,45.0,BM25,nDCG@10,97,0.4873823836823968,0.4211919142153098,-0.06619046946708693,-0.05,-0.02436911918411984,1000000.0,-0.10062124996341787,-0.03175968897075598,0.9910954543809234,-2.411061352721275,False,False,False
perplexity,test-2019_test-2020,0.45,45.0,BM25,R@100,97,0.4769567428702133,0.30349430817553785,-0.1734624346946755,-0.05,-0.023847837143510665,1000000.0,-0.21311415682924295,-0.13381071256010807,0.999999999983204,-7.489778827441821,False,False,False
perplexity,test-2019_test-2020,0.45,45.0,SPLADE,RR@10,97,0.8618106692848961,0.8458026509572901,-0.01600801832760596,-0.05,-0.04309053346424481,1000000.0,-0.05859564795641893,0.02657961130120701,0.10494938472092898,1.2623000653377252,False,True,False
perplexity,test-2019_test-2020,0.45,45.0,SPLADE,nDCG@10,97,0.5903063303445052,0.5116006240472266,-0.07870570629727856,-0.05,-0.029515316517225262,1000000.0,-0.11491612633211819,-0.04249528626243894,0.9958621706793018,-2.696520832886107,False,False,False
perplexity,test-2019_test-2020,0.45,45.0,SPLADE,R@100,97,0.4689618970534333,0.3006728054285849,-0.16828909162484829,-0.05,-0.023448094852671665,1000000.0,-0.20485787719159027,-0.1317203060581063,0.9999999999972218,-7.862090627389141,False,False,False
perplexity,test-2019_test-2020,0.45,45.0,TAS-B,RR@10,97,0.9354933726067747,0.9186712485681556,-0.016822124038618887,-0.05,-0.04677466863033874,1000000.0,-0.051148551929691026,0.017504303852453253,0.04323763891682496,1.7320570405305913,True,True,False
perplexity,test-2019_test-2020,0.45,45.0,TAS-B,nDCG@10,97,0.697936757957595,0.5970977690942757,-0.10083898886331945,-0.05,-0.03489683789787975,1000000.0,-0.13518431583501822,-0.06649366189162068,0.9998778896849784,-3.8111192024133924,False,False,False
perplexity,test-2019_test-2020,0.45,45.0,TAS-B,R@100,97,0.553444309695361,0.34813776714657996,-0.20530654254878108,-0.05,-0.02767221548476805,1000000.0,-0.24182135440389432,-0.16879173069366785,0.9999999999999996,-9.656392419890292,False,False,False
perplexity,test-2019_test-2020,0.6,60.0,BM25,RR@10,97,0.7986786123384061,0.7045900834560629,-0.09408852888234331,-0.05,-0.039933930616920306,1000000.0,-0.16189856443910944,-0.026278493325577204,0.941901157591007,-1.5852524935507661,False,False,False
perplexity,test-2019_test-2020,0.6,60.0,BM25,nDCG@10,97,0.4873823836823968,0.3827000645402356,-0.10468231914216121,-0.05,-0.02436911918411984,1000000.0,-0.14255617170340126,-0.06680846658092116,0.9999711455848126,-4.209248099801602,False,False,False
perplexity,test-2019_test-2020,0.6,60.0,BM25,R@100,97,0.4769567428702133,0.22660594195231576,-0.2503508009178976,-0.05,-0.023847837143510665,1000000.0,-0.29652488781780795,-0.2041767140179872,0.9999999999999997,-9.737167744800802,False,False,False
perplexity,test-2019_test-2020,0.6,60.0,SPLADE,RR@10,97,0.8618106692848961,0.7969072164948453,-0.06490345279005073,-0.05,-0.04309053346424481,1000000.0,-0.12311368931972988,-0.00669321626037158,0.7706008546501726,-0.7438262620413916,False,False,False
perplexity,test-2019_test-2020,0.6,60.0,SPLADE,nDCG@10,97,0.5903063303445052,0.44733257194013576,-0.1429737584043695,-0.05,-0.029515316517225262,1000000.0,-0.18274935748240564,-0.10319815932633333,0.9999999223299404,-5.662095163290613,False,False,False
perplexity,test-2019_test-2020,0.6,60.0,SPLADE,R@100,97,0.4689618970534333,0.22575127264237668,-0.2432106244110565,-0.05,-0.023448094852671665,1000000.0,-0.28581118761257523,-0.2006100612095378,1.0,-10.239892166970558,False,False,False
perplexity,test-2019_test-2020,0.6,60.0,TAS-B,RR@10,97,0.9354933726067747,0.8979790541646211,-0.03751431844215349,-0.05,-0.04677466863033874,1000000.0,-0.0809395226223665,0.005910885738059521,0.3365136073683346,0.4232944942883362,False,True,False
perplexity,test-2019_test-2020,0.6,60.0,TAS-B,nDCG@10,97,0.697936757957595,0.5318393899331371,-0.1660973680244581,-0.05,-0.03489683789787975,1000000.0,-0.20567602710011101,-0.12651870894880518,0.9999999987618191,-6.580086340671824,False,False,False
perplexity,test-2019_test-2020,0.6,60.0,TAS-B,R@100,97,0.553444309695361,0.258972447169287,-0.29447186252607405,-0.05,-0.02767221548476805,1000000.0,-0.3362317392643821,-0.252711985787766,1.0,-12.681864867986723,False,False,False
qualt5,dev.small,0.15,15.0,BM25,RR@10,6980,0.18427616318733797,0.19597387092372767,0.011697707736389685,-0.05,-0.009213808159366899,1000000.0,0.0069092673368120645,0.016486148135967306,6.81900302340705e-18,8.560809775275395,True,True,True
qualt5,dev.small,0.15,15.0,BM25,nDCG@10,6980,0.2299347532023317,0.239823368887912,0.009888615685580299,-0.05,-0.011496737660116586,1000000.0,0.005287543659149944,0.014489687712010653,5.229788136947332e-20,9.111309835804029,True,True,True
qualt5,dev.small,0.15,15.0,BM25,R@100,6980,0.6777578796561604,0.6546561604584528,-0.023101719197707735,-0.05,-0.033887893982808025,1000000.0,-0.029890950517649922,-0.016312487877765548,0.0009254228974238453,3.114370409246004,True,True,True
qualt5,dev.small,0.15,15.0,SPLADE,RR@10,6980,0.29693398371765134,0.28663721744667303,-0.010296766270978305,-0.05,-0.014846699185882568,1000000.0,-0.013175611910000797,-0.007417920631955812,0.0009773547429706953,3.0982041487150376,True,True,True
qualt5,dev.small,0.15,15.0,SPLADE,nDCG@10,6980,0.3525535290063942,0.33920549386447246,-0.013348035141921746,-0.05,-0.01762767645031971,1000000.0,-0.016347232394919198,-0.010348837888924295,0.0025843240110689065,2.797214417244662,True,True,True
qualt5,dev.small,0.15,15.0,SPLADE,R@100,6980,0.8166905444126075,0.7788204393505254,-0.037870105062082146,-0.05,-0.04083452722063038,1000000.0,-0.042928644912196695,-0.0328115652119676,0.12534226147759597,1.148783772228224,False,True,False
qualt5,dev.small,0.15,15.0,TAS-B,RR@10,6980,0.3472977213808159,0.334472642925365,-0.01282507845545095,-0.05,-0.017364886069040793,1000000.0,-0.016209635202084096,-0.009440521708817802,0.004285980598975005,2.6294145733968204,True,True,True
qualt5,dev.small,0.15,15.0,TAS-B,nDCG@10,6980,0.4106574638556805,0.39431989966482534,-0.016337564190855216,-0.05,-0.02053287319278403,1000000.0,-0.01978562111389634,-0.012889507267814094,0.0085496954108423,2.3851348819443423,True,True,True
qualt5,dev.small,0.15,15.0,TAS-B,R@100,6980,0.8869149952244508,0.8443409742120344,-0.04257402101241643,-0.05,-0.04434574976122255,1000000.0,-0.04784177485734304,-0.037306267167489825,0.25485655119864253,0.6593183700808073,False,True,False
qualt5,dev.small,0.3,30.0,BM25,RR@10,6980,0.18427616318733797,0.19438793377905125,0.010111770591713287,-0.05,-0.009213808159366899,1000000.0,0.0043728189394961715,0.0158507222439304,2.1887647856529837e-11,6.6012071219195,True,True,True
qualt5,dev.small,0.3,30.0,BM25,nDCG@10,6980,0.2299347532023317,0.23548750314522332,0.005552749942891644,-0.05,-0.011496737660116586,1000000.0,-0.00010027061741143747,0.011205770503194726,1.7667181820801353e-09,5.912268967678543,True,True,True
qualt5,dev.small,0.3,30.0,BM25,R@100,6980,0.6777578796561604,0.6175501432664756,-0.06020773638968482,-0.05,-0.033887893982808025,1000000.0,-0.06889573152605519,-0.051519741253314454,0.9999999984940413,-5.938641819867693,False,False,False
qualt5,dev.small,0.3,30.0,SPLADE,RR@10,6980,0.29693398371765134,0.2758404398053395,-0.02109354391231182,-0.05,-0.014846699185882568,1000000.0,-0.025188014455689536,-0.016999073368934102,0.9986038720409239,-2.990793147326918,False,False,False
qualt5,dev.small,0.3,30.0,SPLADE,nDCG@10,6980,0.3525535290063942,0.3248713129556235,-0.027682216050770717,-0.05,-0.01762767645031971,1000000.0,-0.03195657489368729,-0.023407857207854144,0.9999979626523677,-4.611207083990953,False,False,False
qualt5,dev.small,0.3,30.0,SPLADE,R@100,6980,0.8166905444126075,0.727375835721108,-0.08931470869149953,-0.05,-0.04083452722063038,1000000.0,-0.09676968232788499,-0.08185973505511407,1.0,-12.747984937806377,False,False,False
qualt5,dev.small,0.3,30.0,TAS-B,RR@10,6980,0.3472977213808159,0.3219687770045936,-0.02532894437622231,-0.05,-0.017364886069040793,1000000.0,-0.02983366558087633,-0.02082422317156829,0.9997339738053161,-3.4656917294340457,False,False,False
qualt5,dev.small,0.3,30.0,TAS-B,nDCG@10,6980,0.4106574638556805,0.3768810253208214,-0.03377643853485911,-0.05,-0.02053287319278403,1000000.0,-0.0384439376443344,-0.029108939425383812,0.9999999861843807,-5.5621678656925875,False,False,False
qualt5,dev.small,0.3,30.0,TAS-B,R@100,6980,0.8869149952244508,0.7856852913085005,-0.10122970391595033,-0.05,-0.04434574976122255,1000000.0,-0.10889317535359071,-0.09356623247830996,1.0,-14.550826135543625,False,False,False
qualt5,dev.small,0.45,45.0,BM25,RR@10,6980,0.18427616318733797,0.18895893027698182,0.0046827670896438835,-0.05,-0.009213808159366899,1000000.0,-0.0017632917620336282,0.011128825941321394,1.2041761854942651e-05,4.226072409818218,True,True,True
qualt5,dev.small,0.45,45.0,BM25,nDCG@10,6980,0.2299347532023317,0.22575765622110147,-0.004177096981230255,-0.05,-0.011496737660116586,1000000.0,-0.010654851552170696,0.0023006575897101863,0.013393498440830806,2.215076295002986,True,True,True
qualt5,dev.small,0.45,45.0,BM25,R@100,6980,0.6777578796561604,0.5628462273161413,-0.11491165234001911,-0.05,-0.033887893982808025,1000000.0,-0.12538442091844962,-0.10443888376158861,1.0,-15.16611324131006,False,False,False
qualt5,dev.small,0.45,45.0,SPLADE,RR@10,6980,0.29693398371765134,0.2575664028744258,-0.039367580843225544,-0.05,-0.014846699185882568,1000000.0,-0.044648239082126506,-0.03408692260432458,1.0,-9.10272530339363,False,False,False
qualt5,dev.small,0.45,45.0,SPLADE,nDCG@10,6980,0.3525535290063942,0.3015692426608965,-0.05098428634549769,-0.05,-0.01762767645031971,1000000.0,-0.05654480163288933,-0.04542377105810605,1.0,-11.759538644864094,False,False,False
qualt5,dev.small,0.45,45.0,SPLADE,R@100,6980,0.8166905444126075,0.6518624641833811,-0.16482808022922635,-0.05,-0.04083452722063038,1000000.0,-0.1743397757853647,-0.155316384673088,1.0,-25.554334798799538,False,False,False
qualt5,dev.small,0.45,45.0,TAS-B,RR@10,6980,0.3472977213808159,0.30150662891708735,-0.045791092463728575,-0.05,-0.017364886069040793,1000000.0,-0.051569877282260874,-0.040012307645196275,1.0,-9.642858604377876,False,False,False
qualt5,dev.small,0.45,45.0,TAS-B,nDCG@10,6980,0.4106574638556805,0.3504479266030418,-0.060209537252638765,-0.05,-0.02053287319278403,1000000.0,-0.06623470180938909,-0.05418437269588843,1.0,-12.9089124238002,False,False,False
qualt5,dev.small,0.45,45.0,TAS-B,R@100,6980,0.8869149952244508,0.7017311365807068,-0.185183858643744,-0.05,-0.04434574976122255,1000000.0,-0.19493455476701219,-0.17543316252047583,1.0,-28.314440200802554,False,False,False
qualt5,dev.small,0.6,60.0,BM25,RR@10,6980,0.18427616318733797,0.17256230954655025,-0.011713853640787737,-0.05,-0.009213808159366899,1000000.0,-0.01900744832270937,-0.004420258958866105,0.7491775407514001,-0.6719387718227786,False,False,False
qualt5,dev.small,0.6,60.0,BM25,nDCG@10,6980,0.2299347532023317,0.20432868007796962,-0.025606073124362087,-0.05,-0.011496737660116586,1000000.0,-0.03308425995537068,-0.01812788629335349,0.9998907579203311,-3.6985684875522766,False,False,False
qualt5,dev.small,0.6,60.0,BM25,R@100,6980,0.6777578796561604,0.48521967526265514,-0.19253820439350527,-0.05,-0.033887893982808025,1000000.0,-0.2047768004055556,-0.18029960838145495,1.0,-25.411642900134414,False,False,False
qualt5,dev.small,0.6,60.0,SPLADE,RR@10,6980,0.29693398371765134,0.22890054350297903,-0.06803344021467231,-0.05,-0.014846699185882568,1000000.0,-0.07470715962489304,-0.06135972080445158,1.0,-15.622799304281912,False,False,False
qualt5,dev.small,0.6,60.0,SPLADE,nDCG@10,6980,0.3525535290063942,0.2657014777417828,-0.08685205126461139,-0.05,-0.01762767645031971,1000000.0,-0.09384320757516584,-0.07986089495405693,1.0,-19.410353583844476,False,False,False
qualt5,dev.small,0.6,60.0,SPLADE,R@100,6980,0.8166905444126075,0.5479942693409742,-0.26869627507163324,-0.05,-0.04083452722063038,1000000.0,-0.2800880613587603,-0.2573044887845062,1.0,-39.21055705937376,False,False,False
qualt5,dev.small,0.6,60.0,TAS-B,RR@10,6980,0.3472977213808159,0.26382538545504164,-0.08347233592577433,-0.05,-0.017364886069040793,1000000.0,-0.0906714572248836,-0.07627321462666506,1.0,-18.000904587107684,False,False,False
qualt5,dev.small,0.6,60.0,TAS-B,nDCG@10,6980,0.4106574638556805,0.3048687947908269,-0.10578866906485364,-0.05,-0.02053287319278403,1000000.0,-0.11327032891966726,-0.09830700921004001,1.0,-22.33826147473546,False,False,False
qualt5,dev.small,0.6,60.0,TAS-B,R@100,6980,0.8869149952244508,0.5823543457497612,-0.3045606494746895,-0.05,-0.04434574976122255,1000000.0,-0.31599408230028475,-0.2931272166490943,1.0,-44.61479816733171,False,False,False
tasb,dev.small,0.15,15.0,BM25,RR@10,6980,0.18427616318733797,0.16950595806613,-0.014770205121207984,-0.05,-0.009213808159366899,1000000.0,-0.019158964550086664,-0.010381445692329305,0.993453143571211,-2.48184643833216,False,False,False
tasb,dev.small,0.15,15.0,BM25,nDCG@10,6980,0.2299347532023317,0.20868750733733843,-0.02124724586499328,-0.05,-0.011496737660116586,1000000.0,-0.0257230366328186,-0.01677145509716796,0.9999901198648172,-4.270521304355349,False,False,False
tasb,dev.small,0.15,15.0,BM25,R@100,6980,0.6777578796561604,0.58932664756447,-0.08843123209169054,-0.05,-0.033887893982808025,1000000.0,-0.0966090629818601,-0.08025340120152098,1.0,-13.074557669466666,False,False,False
tasb,dev.small,0.15,15.0,SPLADE,RR@10,6980,0.29693398371765134,0.26962932642015736,-0.027304657297493973,-0.05,-0.014846699185882568,1000000.0,-0.031812136058872155,-0.022797178536115792,0.9999999688536618,-5.4179699759669955,False,False,False
tasb,dev.small,0.15,15.0,SPLADE,nDCG@10,6980,0.3525535290063942,0.31830346742305204,-0.03425006158334213,-0.05,-0.01762767645031971,1000000.0,-0.038922830272890604,-0.029577292893793655,0.9999999999983108,-6.973366227771816,False,False,False
tasb,dev.small,0.15,15.0,SPLADE,R@100,6980,0.8166905444126075,0.7199617956064949,-0.09672874880611271,-0.05,-0.04083452722063038,1000000.0,-0.10417764303401723,-0.08927985457820818,1.0,-14.709520696422489,False,False,False
tasb,dev.small,0.15,15.0,TAS-B,RR@10,6980,0.3472977213808159,0.31497430299722556,-0.0323234183835903,-0.05,-0.017364886069040793,1000000.0,-0.03728794087868049,-0.027358895888500108,0.9999999981713455,-5.90656405184639,False,False,False
tasb,dev.small,0.15,15.0,TAS-B,nDCG@10,6980,0.4106574638556805,0.36946018713596185,-0.04119727671971876,-0.05,-0.02053287319278403,1000000.0,-0.046308085001748905,-0.03608646843768862,0.9999999999999987,-7.92604805168536,False,False,False
tasb,dev.small,0.15,15.0,TAS-B,R@100,6980,0.8869149952244508,0.780730659025788,-0.10618433619866285,-0.05,-0.04434574976122255,1000000.0,-0.11391896429524578,-0.09844970810207992,1.0,-15.672689655532682,False,False,False
tasb,dev.small,0.3,30.0,BM25,RR@10,6980,0.18427616318733797,0.1509004184290717,-0.03337574475826625,-0.05,-0.009213808159366899,1000000.0,-0.038516051006952795,-0.028235438509579703,1.0,-9.214380945318368,False,False,False
tasb,dev.small,0.3,30.0,BM25,nDCG@10,6980,0.2299347532023317,0.1839527826693734,-0.0459819705329583,-0.05,-0.011496737660116586,1000000.0,-0.05140251427131661,-0.04056142679459999,1.0,-12.471357443242116,False,False,False
tasb,dev.small,0.3,30.0,BM25,R@100,6980,0.6777578796561604,0.5029130850047755,-0.1748447946513849,-0.05,-0.033887893982808025,1000000.0,-0.1851173222161403,-0.16457226708662948,1.0,-26.898771365180604,False,False,False
tasb,dev.small,0.3,30.0,SPLADE,RR@10,6980,0.29693398371765134,0.2385071292127166,-0.05842685450493473,-0.05,-0.014846699185882568,1000000.0,-0.06461248042842932,-0.052241228581440154,1.0,-13.811108532045848,False,False,False
tasb,dev.small,0.3,30.0,SPLADE,nDCG@10,6980,0.3525535290063942,0.2796844460272065,-0.0728690829791877,-0.05,-0.01762767645031971,1000000.0,-0.07931367287382216,-0.06642449308455325,1.0,-16.803233354161463,False,False,False
tasb,dev.small,0.3,30.0,SPLADE,R@100,6980,0.8166905444126075,0.6138490926456543,-0.20284145176695323,-0.05,-0.04083452722063038,1000000.0,-0.21299260439004858,-0.19269029914385788,1.0,-31.285394597523734,False,False,False
tasb,dev.small,0.3,30.0,TAS-B,RR@10,6980,0.3472977213808159,0.2776319529722109,-0.06966576840860508,-0.05,-0.017364886069040793,1000000.0,-0.07629830727675659,-0.06303322954045358,1.0,-15.457976003193385,False,False,False
tasb,dev.small,0.3,30.0,TAS-B,nDCG@10,6980,0.4106574638556805,0.3228209101497531,-0.08783655370592744,-0.05,-0.02053287319278403,1000000.0,-0.0947190924479126,-0.08095401496394228,1.0,-19.169622758829114,False,False,False
tasb,dev.small,0.3,30.0,TAS-B,R@100,6980,0.8869149952244508,0.6616284622731613,-0.2252865329512894,-0.05,-0.04434574976122255,1000000.0,-0.2356806849318404,-0.21489238097073837,1.0,-34.12485541283168,False,False,False
tasb,dev.small,0.45,45.0,BM25,RR@10,6980,0.18427616318733797,0.12996901578205303,-0.05430714740528494,-0.05,-0.009213808159366899,1000000.0,-0.06015783817130778,-0.0484564566392621,1.0,-15.108754665789535,False,False,False
tasb,dev.small,0.45,45.0,BM25,nDCG@10,6980,0.2299347532023317,0.1570652628699256,-0.0728694903324061,-0.05,-0.011496737660116586,1000000.0,-0.07907720259580403,-0.06666177806900817,1.0,-19.38060993812827,False,False,False
tasb,dev.small,0.45,45.0,BM25,R@100,6980,0.6777578796561604,0.41807545367717286,-0.2596824259789876,-0.05,-0.033887893982808025,1000000.0,-0.2713146227340686,-0.24805022922390663,1.0,-38.05179057031672,False,False,False
tasb,dev.small,0.45,45.0,SPLADE,RR@10,6980,0.29693398371765134,0.20680038204393505,-0.09013360167371628,-0.05,-0.014846699185882568,1000000.0,-0.09737205561070843,-0.08289514773672414,1.0,-20.389051892461826,False,False,False
tasb,dev.small,0.45,45.0,SPLADE,nDCG@10,6980,0.3525535290063942,0.2400052763682527,-0.1125482526381415,-0.05,-0.01762767645031971,1000000.0,-0.1200989666384464,-0.1049975386378366,1.0,-24.643123975005025,False,False,False
tasb,dev.small,0.45,45.0,SPLADE,R@100,6980,0.8166905444126075,0.5069961795606495,-0.309694364851958,-0.05,-0.04083452722063038,1000000.0,-0.32138986312139645,-0.29799886658251956,1.0,-45.06409147775331,False,False,False
tasb,dev.small,0.45,45.0,TAS-B,RR@10,6980,0.3472977213808159,0.23783639195888479,-0.10946132942193114,-0.05,-0.017364886069040793,1000000.0,-0.11728660854973279,-0.10163605029412949,1.0,-23.071000981076367,False,False,False
tasb,dev.small,0.45,45.0,TAS-B,nDCG@10,6980,0.4106574638556805,0.2745094920686844,-0.1361479717869961,-0.05,-0.02053287319278403,1000000.0,-0.14423990055283017,-0.12805604302116205,1.0,-28.008246482739892,False,False,False
tasb,dev.small,0.45,45.0,TAS-B,R@100,6980,0.8869149952244508,0.5404966571155683,-0.3464183381088825,-0.05,-0.04434574976122255,1000000.0,-0.3581474559060454,-0.3346892203117196,1.0,-50.48581665066461,False,False,False
tasb,dev.small,0.6,60.0,BM25,RR@10,6980,0.18427616318733797,0.10282684086050847,-0.08144932232682948,-0.05,-0.009213808159366899,1000000.0,-0.08797819971051424,-0.07492044494314473,1.0,-21.688807434821673,False,False,False
tasb,dev.small,0.6,60.0,BM25,nDCG@10,6980,0.2299347532023317,0.12261491185509547,-0.10731984134723623,-0.05,-0.011496737660116586,1000000.0,-0.11425821379096618,-0.10038146890350627,1.0,-27.072978708179203,False,False,False
tasb,dev.small,0.6,60.0,BM25,R@100,6980,0.6777578796561604,0.31973495702005733,-0.35802292263610314,-0.05,-0.033887893982808025,1000000.0,-0.3704769190521631,-0.34556892622004315,1.0,-51.020022682795904,False,False,False
tasb,dev.small,0.6,60.0,SPLADE,RR@10,6980,0.29693398371765134,0.16058062718879335,-0.13635335652885797,-0.05,-0.014846699185882568,1000000.0,-0.1444752387921694,-0.12823147426554654,1.0,-29.326943386632806,False,False,False
tasb,dev.small,0.6,60.0,SPLADE,nDCG@10,6980,0.3525535290063942,0.18577997143012756,-0.16677355757626663,-0.05,-0.01762767645031971,1000000.0,-0.1752225018025045,-0.15832461335002876,1.0,-34.60447285266566,False,False,False
tasb,dev.small,0.6,60.0,SPLADE,R@100,6980,0.8166905444126075,0.3800262655205348,-0.43666427889207265,-0.05,-0.04083452722063038,1000000.0,-0.4490684644726603,-0.424260093311485,1.0,-62.555225726625586,False,False,False
tasb,dev.small,0.6,60.0,TAS-B,RR@10,6980,0.3472977213808159,0.18510762041206166,-0.16219010096875425,-0.05,-0.017364886069040793,1000000.0,-0.1708955478118619,-0.1534846541256466,1.0,-32.61193217557193,False,False,False
tasb,dev.small,0.6,60.0,TAS-B,nDCG@10,6980,0.4106574638556805,0.21233981226225646,-0.19831765159342407,-0.05,-0.02053287319278403,1000000.0,-0.20727251920053258,-0.18936278398631556,1.0,-38.9187445404604,False,False,False
tasb,dev.small,0.6,60.0,TAS-B,R@100,6980,0.8869149952244508,0.40372492836676216,-0.48319006685768867,-0.05,-0.04434574976122255,1000000.0,-0.4955194990843651,-0.47086063463101224,1.0,-69.7735496649538,False,False,False
tasb,test-2019_test-2020,0.15,15.0,BM25,RR@10,97,0.7986786123384061,0.8009450171821305,0.0022664048437244324,-0.05,-0.039933930616920306,1000000.0,-0.04496492829540667,0.04949773798285553,0.03965456222699596,1.773547309875212,True,True,False
tasb,test-2019_test-2020,0.15,15.0,BM25,nDCG@10,97,0.4873823836823968,0.4734711841055438,-0.013911199576852967,-0.05,-0.02436911918411984,1000000.0,-0.03815680342848267,0.010334404274776735,0.19701280196195736,0.8561884652867511,False,True,False
tasb,test-2019_test-2020,0.15,15.0,BM25,R@100,97,0.4769567428702133,0.41534187958958707,-0.061614863280626236,-0.05,-0.023847837143510665,1000000.0,-0.09079870940472123,-0.032431017156531246,0.9941268941761566,-2.5687825400594315,False,False,False
tasb,test-2019_test-2020,0.15,15.0,SPLADE,RR@10,97,0.8618106692848961,0.8569137620684012,-0.004896907216494845,-0.05,-0.04309053346424481,1000000.0,-0.017763103269824023,0.007969288836834332,2.8145768340967807e-08,5.892475801551764,True,True,True
tasb,test-2019_test-2020,0.15,15.0,SPLADE,nDCG@10,97,0.5903063303445052,0.5701168681218586,-0.020189462222646583,-0.05,-0.029515316517225262,1000000.0,-0.03762521880750191,-0.0027537056377912594,0.14551606103890122,1.0617075534561002,False,True,False
tasb,test-2019_test-2020,0.15,15.0,SPLADE,R@100,97,0.4689618970534333,0.4088790698144043,-0.0600828272390288,-0.05,-0.023448094852671665,1000000.0,-0.08706510726497177,-0.033100547213085835,0.9958455087459304,-2.6950787321952734,False,False,False
tasb,test-2019_test-2020,0.15,15.0,TAS-B,RR@10,97,0.9354933726067747,0.9221076746849942,-0.013385697921780394,-0.05,-0.04677466863033874,1000000.0,-0.03083776945582397,0.004066373612263183,0.00012802380496702376,3.797634160814203,True,True,True
tasb,test-2019_test-2020,0.15,15.0,TAS-B,nDCG@10,97,0.697936757957595,0.6654545444596247,-0.03248221349797045,-0.05,-0.03489683789787975,1000000.0,-0.0530091906244292,-0.011955236371511708,0.407936262509463,0.23349719359709867,False,True,False
tasb,test-2019_test-2020,0.15,15.0,TAS-B,R@100,97,0.553444309695361,0.4910405108638632,-0.06240379883149778,-0.05,-0.02767221548476805,1000000.0,-0.08526539777313914,-0.03954219988985641,0.998359106224629,-3.0156091983713518,False,False,False
tasb,test-2019_test-2020,0.3,30.0,BM25,RR@10,97,0.7986786123384061,0.8031786941580756,0.004500081819669451,-0.05,-0.039933930616920306,1000000.0,-0.04763388411650776,0.05663404775584667,0.046962852403352094,1.691811010368574,True,True,False
tasb,test-2019_test-2020,0.3,30.0,BM25,nDCG@10,97,0.4873823836823968,0.4602266793968167,-0.027155704285579986,-0.05,-0.02436911918411984,1000000.0,-0.05727316007201799,0.002961751500858017,0.5726656482742507,-0.18365853172880714,False,False,False
tasb,test-2019_test-2020,0.3,30.0,BM25,R@100,97,0.4769567428702133,0.3664267322021674,-0.11053001066804587,-0.05,-0.023847837143510665,1000000.0,-0.14836142163139737,-0.07269859970469437,0.9999920949470221,-4.548145315074144,False,False,False
tasb,test-2019_test-2020,0.3,30.0,SPLADE,RR@10,97,0.8618106692848961,0.8251268204876452,-0.036683848797250854,-0.05,-0.04309053346424481,1000000.0,-0.079528465823096,0.006160768228594293,0.38362233279115054,0.2968206845036785,False,True,False
tasb,test-2019_test-2020,0.3,30.0,SPLADE,nDCG@10,97,0.5903063303445052,0.5385802007383663,-0.05172612960613893,-0.05,-0.029515316517225262,1000000.0,-0.08162004490799442,-0.021832214304283445,0.9282333614619159,-1.4748190420244127,False,False,False
tasb,test-2019_test-2020,0.3,30.0,SPLADE,R@100,97,0.4689618970534333,0.3612624557992908,-0.10769944125414242,-0.05,-0.023448094852671665,1000000.0,-0.14333685270577523,-0.07206202980250963,0.9999955286436039,-4.692753879143555,False,False,False
tasb,test-2019_test-2020,0.3,30.0,TAS-B,RR@10,97,0.9354933726067747,0.9003436426116838,-0.03514972999509082,-0.05,-0.04677466863033874,1000000.0,-0.07352273090603179,0.003223270915850139,0.2745145886679241,0.6013426176136947,False,True,False
tasb,test-2019_test-2020,0.3,30.0,TAS-B,nDCG@10,97,0.697936757957595,0.6262963766743977,-0.07164038128319732,-0.05,-0.03489683789787975,1000000.0,-0.10553370815975627,-0.03774705440663837,0.9830435874692331,-2.1519090597257864,False,False,False
tasb,test-2019_test-2020,0.3,30.0,TAS-B,R@100,97,0.553444309695361,0.4265941063176194,-0.12685020337774167,-0.05,-0.02767221548476805,1000000.0,-0.1600117757967904,-0.09368863095869293,0.9999999768717025,-5.936592738397448,False,False,False
tasb,test-2019_test-2020,0.45,45.0,BM25,RR@10,97,0.7986786123384061,0.7928244149893635,-0.00585419734904271,-0.05,-0.039933930616920306,1000000.0,-0.06201883365205157,0.05031043895396615,0.11568757428924777,1.2044542675027479,False,True,False
tasb,test-2019_test-2020,0.45,45.0,BM25,nDCG@10,97,0.4873823836823968,0.43117131006298587,-0.05621107361941084,-0.05,-0.02436911918411984,1000000.0,-0.0893020185398315,-0.023120128698990196,0.9704449630416768,-1.910062712157048,False,False,False
tasb,test-2019_test-2020,0.45,45.0,BM25,R@100,97,0.4769567428702133,0.3015336113597235,-0.17542313151048977,-0.05,-0.023847837143510665,1000000.0,-0.21788259314205508,-0.13296366987892447,0.9999999998845963,-7.086161005641972,False,False,False
tasb,test-2019_test-2020,0.45,45.0,SPLADE,RR@10,97,0.8618106692848961,0.8071264932089673,-0.05468417607592865,-0.05,-0.04309053346424481,1000000.0,-0.10336498383818846,-0.006003368313668843,0.6812629290133112,-0.47273658255792306,False,False,False
tasb,test-2019_test-2020,0.45,45.0,SPLADE,nDCG@10,97,0.5903063303445052,0.49187912129222705,-0.0984272090522782,-0.05,-0.029515316517225262,1000000.0,-0.13390224055089744,-0.06295217755365896,0.9998957244651181,-3.8559240057423394,False,False,False
tasb,test-2019_test-2020,0.45,45.0,SPLADE,R@100,97,0.4689618970534333,0.29874377785172346,-0.17021811920170973,-0.05,-0.023448094852671665,1000000.0,-0.21302338332704557,-0.1274128550763739,0.9999999995680036,-6.806083356542784,False,False,False
tasb,test-2019_test-2020,0.45,45.0,TAS-B,RR@10,97,0.9354933726067747,0.8874570446735395,-0.04803632793323515,-0.05,-0.04677466863033874,1000000.0,-0.09075835145578748,-0.005314304410682827,0.523311767841636,-0.05862020841368906,False,False,False
tasb,test-2019_test-2020,0.45,45.0,TAS-B,nDCG@10,97,0.697936757957595,0.5833457476542105,-0.11459101030338449,-0.05,-0.03489683789787975,1000000.0,-0.15329118956124732,-0.07589083104552165,0.9999547450706082,-4.0876214265399,False,False,False
tasb,test-2019_test-2020,0.45,45.0,TAS-B,R@100,97,0.553444309695361,0.34959746902575545,-0.20384684066960548,-0.05,-0.02767221548476805,1000000.0,-0.24452594188632143,-0.16316773945288954,0.9999999999999235,-8.59664684376209,False,False,False
tasb,test-2019_test-2020,0.6,60.0,BM25,RR@10,97,0.7986786123384061,0.7158361970217639,-0.0828424153166421,-0.05,-0.039933930616920306,1000000.0,-0.1560837554094296,-0.00960107522385463,0.8761245491864852,-1.1629042949325277,False,False,False
tasb,test-2019_test-2020,0.6,60.0,BM25,nDCG@10,97,0.4873823836823968,0.3595093155097507,-0.12787306817264604,-0.05,-0.02436911918411984,1000000.0,-0.17334723710613606,-0.08239889923915603,0.9999911102928903,-4.518031219530927,False,False,False
tasb,test-2019_test-2020,0.6,60.0,BM25,R@100,97,0.4769567428702133,0.20745694650773522,-0.2694997963624782,-0.05,-0.023847837143510665,1000000.0,-0.32060763601585746,-0.21839195670909892,0.9999999999999992,-9.54090974014134,False,False,False
tasb,test-2019_test-2020,0.6,60.0,SPLADE,RR@10,97,0.8618106692848961,0.7284077892325316,-0.13340288005236456,-0.05,-0.04309053346424481,1000000.0,-0.2025700265491019,-0.06423573355562723,0.9944815626495653,-2.5918170720462768,False,False,False
tasb,test-2019_test-2020,0.6,60.0,SPLADE,nDCG@10,97,0.5903063303445052,0.4047428323507888,-0.1855634979937164,-0.05,-0.029515316517225262,1000000.0,-0.23644949837170523,-0.1346774976157276,0.9999999882212134,-6.0871986356343,False,False,False
tasb,test-2019_test-2020,0.6,60.0,SPLADE,R@100,97,0.4689618970534333,0.20638925558733293,-0.26257264146610027,-0.05,-0.023448094852671665,1000000.0,-0.31462551408045186,-0.21051976885174867,0.9999999999999941,-9.118775769519292,False,False,False
tasb,test-2019_test-2020,0.6,60.0,TAS-B,RR@10,97,0.9354933726067747,0.8163639338897071,-0.11912943871706758,-0.05,-0.04677466863033874,1000000.0,-0.1813413859010208,-0.05691749153311435,0.9884446572948926,-2.308609358615869,False,False,False
tasb,test-2019_test-2020,0.6,60.0,TAS-B,nDCG@10,97,0.697936757957595,0.466384439497517,-0.23155231846007807,-0.05,-0.03489683789787975,1000000.0,-0.2835678406747683,-0.17953679624538782,0.9999999999843627,-7.504645288023495,False,False,False
tasb,test-2019_test-2020,0.6,60.0,TAS-B,R@100,97,0.553444309695361,0.24181780007370002,-0.311626509621661,-0.05,-0.02767221548476805,1000000.0,-0.36168054862372534,-0.26157247061959665,1.0,-11.260726013146526,False,False,False
